[
  {
    "code": "ACCT*1240",
    "prerequisites": "ACCT*1220 or ACCT*2220 - Must be completed prior to taking this course."
  },
  {
    "code": "ACCT*2230",
    "prerequisites": "ACCT*1220 - Must be completed prior to taking this course."
  },
  {
    "code": "ACCT*2290",
    "prerequisites": "4.00 credits including (ACCT*1240 or ACCT*2230) - Must be completed prior to taking this course."
  },
  {
    "code": "ACCT*3230",
    "prerequisites": "ACCT*2230 - Must be completed prior to taking this course."
  },
  {
    "code": "ACCT*3280",
    "prerequisites": "ACCT*3330 - Must be completed prior to taking this course."
  },
  {
    "code": "ACCT*3330",
    "prerequisites": "ACCT*1220 or ACCT*2220 - Must be completed prior to taking this course."
  },
  {
    "code": "ACCT*3340",
    "prerequisites": "ACCT*3330 - Must be completed prior to taking this course."
  },
  {
    "code": "ACCT*3350",
    "prerequisites": "ACCT*3330 - Must be completed prior to taking this course."
  },
  {
    "code": "ACCT*3400",
    "prerequisites": "9.00 credits - Must be completed prior to taking this course."
  },
  {
    "code": "ACCT*4020",
    "prerequisites": "ACCT*2230, MGMT*3020 - Must be completed prior to taking this course."
  },
  {
    "code": "ACCT*4220",
    "prerequisites": "(ACCT*3330 or BUS*3330), (ACCT*3340 or BUS*3340) - Must be completed prior to taking this course."
  },
  {
    "code": "ACCT*4230",
    "prerequisites": "ACCT*3230 or BUS*3230 - Must be completed prior to taking this course."
  },
  {
    "code": "ACCT*4270",
    "prerequisites": "ACCT*3280 or BUS*3280 - Must be completed prior to taking this course."
  },
  {
    "code": "ACCT*4290",
    "prerequisites": "ACCT*3280 or BUS*4280 - Must be completed prior to taking this course."
  },
  {
    "code": "ACCT*4340",
    "prerequisites": "15.00 credits including ACCT*3340 - Must be completed prior to taking this course."
  },
  {
    "code": "ACCT*4350",
    "prerequisites": "ACCT*3350 or BUS*3350 - Must be completed prior to taking this course."
  },
  {
    "code": "ACCT*4440",
    "prerequisites": "15.00 credits including ACCT*3280, ACCT*3340, ACCT*3350 - Must be completed prior to taking this course."
  },
  {
    "code": "ACCT*6700",
    "prerequisites": "ACCT*6100, ACCT*6200 - Must be completed prior to taking this course."
  },
  {
    "code": "AGR*1350",
    "prerequisites": "1 of BIOL*1050, BIOL*1070, BIOL*1080 BIOL*1090 - Must be completed prior to taking this course."
  },
  {
    "code": "AGR*2050",
    "prerequisites": "(AGR*1110 or AGR*2150), (BIOL*1050 or BIOL*1070) - Must be completed prior to taking this course."
  },
  {
    "code": "AGR*2150",
    "prerequisites": "4.00 credits - Must be completed prior to taking this course."
  },
  {
    "code": "AGR*2320",
    "prerequisites": "2.50 credits - Must be completed prior to taking this course."
  },
  {
    "code": "AGR*2350",
    "prerequisites": "(2 of BIOL*1050, BIOL*1070, BIOL*1080, BIOL*1090) - Must be completed prior to taking this course."
  },
  {
    "code": "AGR*2470",
    "prerequisites": "BIOL*1050 or BIOL*1070 - Must be completed prior to taking this course."
  },
  {
    "code": "AGR*2500",
    "prerequisites": "(AGR*1110 or AGR*1250) or registration in International Development - Must be completed prior to taking this course."
  },
  {
    "code": "AGR*3010",
    "prerequisites": "10.00 credits - Must be completed prior to taking this course."
  },
  {
    "code": "AGR*3200",
    "prerequisites": "9.50 credits - Must be completed prior to taking this course."
  },
  {
    "code": "AGR*3450",
    "prerequisites": "Completion of 7.50 credits including (1 of GEOG*2460, STAT*2040 , STAT*2060, STAT*2080) - Must be completed prior to taking this course."
  },
  {
    "code": "AGR*4010",
    "prerequisites": "15.00 credits - Must be completed prior to taking this course."
  },
  {
    "code": "AGR*4020",
    "prerequisites": "AGR*2470, STAT*2040, (BIOL*1050 or BIOL*1070) - Must be completed prior to taking this course."
  },
  {
    "code": "AGR*4450",
    "prerequisites": "10.00 credits - Must be completed prior to taking this course."
  },
  {
    "code": "AGR*4460",
    "prerequisites": "AGR*4450 - Must be completed prior to taking this course."
  },
  {
    "code": "AGR*4600",
    "prerequisites": "12.50 credits - Must be completed prior to taking this course."
  },
  {
    "code": "AGR*6010",
    "prerequisites": "AGR*6020 - Must be taken either prior to or at the same time as this course."
  },
  {
    "code": "AGR*6020",
    "prerequisites": "AGR*6010 - Must be taken either prior to or at the same time as this course."
  },
  {
    "code": "DAGR*2000",
    "prerequisites": "DAGR*1000 - Must be completed prior to taking this course."
  },
  {
    "code": "DAGR*2020",
    "prerequisites": "DAGR*1070 - Must be completed prior to taking this course."
  },
  {
    "code": "DAGR*2180",
    "prerequisites": "2.50 credits - Must be completed prior to taking this course."
  },
  {
    "code": "DAGR*2200",
    "prerequisites": "DAGR*1200, DAGR*1300 - Must be completed prior to taking this course."
  },
  {
    "code": "DAGR*2210",
    "prerequisites": "DAGR*1200 - Must be completed prior to taking this course."
  },
  {
    "code": "DAGR*3000",
    "prerequisites": "DAGR*2000 - Must be completed prior to taking this course."
  },
  {
    "code": "DAGR*3040",
    "prerequisites": "DAGR*2000 - Must be completed prior to taking this course."
  },
  {
    "code": "DAGR*3070",
    "prerequisites": "DAGR*1070 - Must be completed prior to taking this course."
  },
  {
    "code": "DAGR*3080",
    "prerequisites": "DAGR*1070 - Must be completed prior to taking this course."
  },
  {
    "code": "DAGR*3170",
    "prerequisites": "5.00 credits including DAGR*2170 - Must be completed prior to taking this course."
  },
  {
    "code": "DAGR*3180",
    "prerequisites": "5.00 credits including DAGR*2000 - Must be completed prior to taking this course."
  },
  {
    "code": "DAGR*3200",
    "prerequisites": "DAGR*1200, DAGR*1300 - Must be completed prior to taking this course."
  },
  {
    "code": "DAGR*3210",
    "prerequisites": "DAGR*1200 - Must be completed prior to taking this course."
  },
  {
    "code": "DAGR*3250",
    "prerequisites": "DAGR*1200, (1 of DAGR*1300, DHRT*2230, DHRT*3230) - Must be completed prior to taking this course."
  },
  {
    "code": "DAGR*3260",
    "prerequisites": "DAGR*1200, (1 of DAGR*1300, DHRT*2230, DHRT*3230) - Must be completed prior to taking this course."
  },
  {
    "code": "DAGR*3370",
    "prerequisites": "DAGR*1000, DAGR*2000 - Must be completed prior to taking this course."
  },
  {
    "code": "DAGR*3510",
    "prerequisites": "4.00 credits, registration in the Diploma Program in Agriculture - Must be completed prior to taking this course."
  },
  {
    "code": "ANSC*2210",
    "prerequisites": "1 of AGR*1350, AGR*2350, EQN*1010 - Must be completed prior to taking this course."
  },
  {
    "code": "ANSC*2340",
    "prerequisites": "2 of BIOL*1050, BIOL*1070, BIOL*1080, BIOL*1090 - Must be completed prior to taking this course."
  },
  {
    "code": "ANSC*3040",
    "prerequisites": "ANSC*3080 - Must be completed prior to taking this course."
  },
  {
    "code": "ANSC*3050",
    "prerequisites": "AGR*2350 or ZOO*2090 - Must be completed prior to taking this course."
  },
  {
    "code": "ANSC*3080",
    "prerequisites": "1 of BIOC*2580, EQN*2040, EQN*2050 - Must be completed prior to taking this course."
  },
  {
    "code": "ANSC*3090",
    "prerequisites": "ANSC*1210 or ANSC*2210 - Must be completed prior to taking this course."
  },
  {
    "code": "ANSC*3120",
    "prerequisites": "NUTR*3210 - Must be taken either prior to or at the same time as this course."
  },
  {
    "code": "ANSC*3170",
    "prerequisites": "NUTR*3210 - Must be completed prior to taking this course."
  },
  {
    "code": "ANSC*3180",
    "prerequisites": "NUTR*3210 - Must be completed prior to taking this course."
  },
  {
    "code": "ANSC*3270",
    "prerequisites": "ANSC*3080 - Must be completed prior to taking this course."
  },
  {
    "code": "ANSC*4010",
    "prerequisites": "15.00 credits including ANSC*3080, (ANSC*1210 or ANSC*2210) - Must be completed prior to taking this course."
  },
  {
    "code": "ANSC*4040",
    "prerequisites": "ANSC*3120, STAT*2040 - Must be completed prior to taking this course."
  },
  {
    "code": "ANSC*4050",
    "prerequisites": "MBG*2040 or MBG*2400 - Must be completed prior to taking this course."
  },
  {
    "code": "ANSC*4060",
    "prerequisites": "NUTR*3210, 0.50 credits in Statistics - Must be completed prior to taking this course."
  },
  {
    "code": "ANSC*4090",
    "prerequisites": "ANSC*3080, ANSC*3090 - Must be completed prior to taking this course."
  },
  {
    "code": "ANSC*4100",
    "prerequisites": "ANSC*3080 - Must be completed prior to taking this course."
  },
  {
    "code": "ANSC*4230",
    "prerequisites": "ANSC*3080, ANSC*3120, MBG*3060 - Must be completed prior to taking this course."
  },
  {
    "code": "ANSC*4260",
    "prerequisites": "ANSC*3120 - Must be completed prior to taking this course."
  },
  {
    "code": "ANSC*4270",
    "prerequisites": "ANSC*3120 - Must be completed prior to taking this course."
  },
  {
    "code": "ANSC*4280",
    "prerequisites": "ANSC*3120 - Must be completed prior to taking this course."
  },
  {
    "code": "ANSC*4290",
    "prerequisites": "ANSC*3120 - Must be completed prior to taking this course."
  },
  {
    "code": "ANSC*4350",
    "prerequisites": "14.00 credits including ANSC*3080 - Must be completed prior to taking this course."
  },
  {
    "code": "ANSC*4470",
    "prerequisites": "NUTR*3210 - Must be completed prior to taking this course."
  },
  {
    "code": "ANSC*4490",
    "prerequisites": "ANSC*3080 - Must be completed prior to taking this course."
  },
  {
    "code": "ANSC*4560",
    "prerequisites": "NUTR*3210 - Must be completed prior to taking this course."
  },
  {
    "code": "ANSC*4610",
    "prerequisites": "15.00 credits including 2.00 in ANSC or EQN - Must be completed prior to taking this course."
  },
  {
    "code": "ANSC*4650",
    "prerequisites": "ANSC*3080 - Must be completed prior to taking this course."
  },
  {
    "code": "ANSC*4700",
    "prerequisites": "14.00 credits - Must be completed prior to taking this course."
  },
  {
    "code": "ANSC*4710",
    "prerequisites": "ANSC*4700 - Must be completed prior to taking this course."
  },
  {
    "code": "ANTH*2180",
    "prerequisites": "1 of ANTH*1150, IDEV*1000, SOC*1100 - Must be completed prior to taking this course."
  },
  {
    "code": "ANTH*2230",
    "prerequisites": "ANTH*1150 - Must be completed prior to taking this course."
  },
  {
    "code": "ANTH*2660",
    "prerequisites": "1 of ANTH*1150, IDEV*1000, IES*1010, SOC*1100 - Must be completed prior to taking this course."
  },
  {
    "code": "ANTH*3550",
    "prerequisites": "SOAN*2120, (1 of ANTH*2160, ANTH*2180, ANTH*2230, ANTH*2660) - Must be completed prior to taking this course."
  },
  {
    "code": "ANTH*3650",
    "prerequisites": "(1 of ANTH*2160, ANTH*2180, IDEV*2200, IES*2010), (1 of ANTH*2230, ANTH*2660, HIST*2090, IDEV*2000, IDEV*2400) - Must be completed prior to taking this course."
  },
  {
    "code": "ANTH*3690",
    "prerequisites": "ANTH*2230, (ANTH*2160 or ANTH*2180), SOAN*2120 - Must be completed prior to taking this course."
  },
  {
    "code": "ANTH*3770",
    "prerequisites": "ANTH*2230, (ANTH*2160 or ANTH*2180), SOAN*2120 - Must be completed prior to taking this course."
  },
  {
    "code": "ANTH*3840",
    "prerequisites": "10.00 credits including (ANTH*2160, ANTH*2180), SOAN*2120 - Must be completed prior to taking this course."
  },
  {
    "code": "ANTH*3850",
    "prerequisites": "10.00 credits including (ANTH*2160, ANTH*2180), SOAN*2120 - Must be completed prior to taking this course."
  },
  {
    "code": "ANTH*3950",
    "prerequisites": "10.00 credits - Must be completed prior to taking this course."
  },
  {
    "code": "ANTH*4300",
    "prerequisites": "12.50 credits including ANTH*3690, SOAN*3070 - Must be completed prior to taking this course."
  },
  {
    "code": "ANTH*4440",
    "prerequisites": "12.50 credits including (1 of ANTH*3690, IDEV*2000, IDEV*2300, ONEH*3000), (1 of GEOG*2260, POLS*2650, IDEV*2100, SOAN*2120) - Must be completed prior to taking this course."
  },
  {
    "code": "ANTH*4540",
    "prerequisites": "12.50 credits including (ANTH*3690 or SOC*3310), SOAN*3070 - Must be completed prior to taking this course."
  },
  {
    "code": "ANTH*4550",
    "prerequisites": "12.50 credits including (1 of ANTH*3690, IDEV*2000, IDEV*2300, ONEH*3000), (1 of GEOG*2260, POLS*2650, IDEV*2100, SOAN*2120, SOAN*3070) - Must be completed prior to taking this course."
  },
  {
    "code": "ANTH*4640",
    "prerequisites": "12.50 credits including (ANTH*3690 or SOC*3310), SOAN*3070 - Must be completed prior to taking this course."
  },
  {
    "code": "ANTH*4700",
    "prerequisites": "12.50 credits including ANTH*3690, SOAN*3070 - Must be completed prior to taking this course."
  },
  {
    "code": "ANTH*4740",
    "prerequisites": "12.50 credits including (ANTH*3690 or SOC*3310), SOAN*3070 - Must be completed prior to taking this course."
  },
  {
    "code": "ANTH*4840",
    "prerequisites": "12.50 credits including (ANTH*3690 or SOC*3310), SOAN*3070 - Must be completed prior to taking this course."
  },
  {
    "code": "ANTH*4880",
    "prerequisites": "12.50 credits - Must be completed prior to taking this course."
  }
]