[
  {
    "code": "CIS*3700",
    "prerequisites": "(CIS*3750 or CIS*3760), (CIS*2460 or STAT*2040) - Must be completed prior to taking this course."
  },
  {
    "code": "HHNS*4360",
    "prerequisites": "12.00 credits - Must be completed prior to taking this course."
  },
  {
    "code": "STAT*4050",
    "prerequisites": "STAT*3110, STAT*3240 - Must be completed prior to taking this course."
  },
  {
    "code": "SOC*3950",
    "prerequisites": "10.00 credits - Must be completed prior to taking this course."
  },
  {
    "code": "FRHD*3190",
    "prerequisites": "8.00 credits including (1 of FRHD*1010, FRHD*2260, FRHD*2270, PSYC*2450) - Must be completed prior to taking this course."
  },
  {
    "code": "LAT*2000",
    "prerequisites": "Grade 12 Latin or LAT*1110 - Must be completed prior to taking this course."
  },
  {
    "code": "VETM*4450",
    "prerequisites": "All Phase 2 courses - Must be completed prior to taking this course."
  },
  {
    "code": "CLAS*4400",
    "prerequisites": "1.50 credits in Classical Studies at the 3000 level - Must be completed prior to taking this course."
  },
  {
    "code": "EQN*3020",
    "prerequisites": "EQN*3250 or NUTR*3210 - Must be completed prior to taking this course."
  },
  {
    "code": "THST*1190",
    "prerequisites": "THST*1040 - Must be completed prior to taking this course."
  },
  {
    "code": "JUST*4020",
    "prerequisites": "10.00 credits including: AHSS*1140 - Must be completed prior to taking this course."
  },
  {
    "code": "POLS*3370",
    "prerequisites": "7.50 credits - Must be completed prior to taking this course."
  },
  {
    "code": "MDST*1300",
    "prerequisites": "2.00 credits - Must be completed prior to taking this course."
  },
  {
    "code": "TOX*4200",
    "prerequisites": "CHEM*3430, TOX*2000 - Must be completed prior to taking this course."
  },
  {
    "code": "CRWR*2000",
    "prerequisites": "2.00 credits - Must be completed prior to taking this course."
  },
  {
    "code": "CHEM*3430",
    "prerequisites": "(CHEM*2400 or CHEM*2480) - Must be completed prior to taking this course."
  },
  {
    "code": "SOAN*2111",
    "prerequisites": "1 of ANTH*1150, SOC*1100, SOC*1500 - Must be completed prior to taking this course."
  },
  {
    "code": "MATH*3130",
    "prerequisites": "MATH*1160, MATH*2000 - Must be completed prior to taking this course."
  },
  {
    "code": "DENM*3150",
    "prerequisites": "1 of DAGR*1300, DEQN*2040, DHRT*2230, DHRT*3230 - Must be completed prior to taking this course."
  },
  {
    "code": "MDST*1000",
    "prerequisites": "MDST*1020, MDST*1100 - Must be completed prior to taking this course."
  },
  {
    "code": "ANSC*3270",
    "prerequisites": "ANSC*3080 - Must be completed prior to taking this course."
  },
  {
    "code": "SCMA*2040",
    "prerequisites": "3.00 credits - Must be completed prior to taking this course."
  },
  {
    "code": "MGMT*3900",
    "prerequisites": "8.00 credits - Must be completed prior to taking this course."
  },
  {
    "code": "THST*3160",
    "prerequisites": "7.50 credits, including THST*2270 - Must be completed prior to taking this course."
  },
  {
    "code": "VETM*4540",
    "prerequisites": "All Phase 2 courses - Must be completed prior to taking this course."
  },
  {
    "code": "PHIL*2240",
    "prerequisites": "2.00 credits or (1 of PHIL*1000, PHIL*1010, PHIL*1030, PHIL*1050) - Must be completed prior to taking this course."
  },
  {
    "code": "POLS*3140",
    "prerequisites": "POLS*2300 or POLS*2350 - Must be completed prior to taking this course."
  },
  {
    "code": "GEOG*3210",
    "prerequisites": "1 of GEOG*2030, GEOG*2210, SOC*2280 - Must be completed prior to taking this course."
  },
  {
    "code": "MGMT*4030",
    "prerequisites": "MGMT*4020, minimum 70% cumulative average - Must be completed prior to taking this course."
  },
  {
    "code": "FRHD*4200",
    "prerequisites": "13.00 credits including FRHD*2100 - Must be completed prior to taking this course."
  },
  {
    "code": "ZOO*3600",
    "prerequisites": "BIOC*2580, ZOO*2090, (STAT*2040 or STAT*2230 is recommended) - Must be completed prior to taking this course."
  },
  {
    "code": "ECS*3080",
    "prerequisites": "10.00 credits - Must be completed prior to taking this course."
  },
  {
    "code": "IAEF*3500",
    "prerequisites": "5.00 credits - Must be completed prior to taking this course."
  },
  {
    "code": "VETM*4920",
    "prerequisites": "All Phase 3 courses - Must be completed prior to taking this course."
  },
  {
    "code": "IES*1020",
    "prerequisites": "IES*1010 - Must be completed prior to taking this course."
  },
  {
    "code": "BIOM*4070",
    "prerequisites": "(MCB*2050 or MCB*2210), (1of ANSC*3080, BIOM*3200, HK*3810, HK*3940) - Must be completed prior to taking this course."
  },
  {
    "code": "HORT*3050",
    "prerequisites": "HORT*2450 - Must be completed prior to taking this course."
  },
  {
    "code": "LARC*2230",
    "prerequisites": "LARC*1100 - Must be completed prior to taking this course."
  },
  {
    "code": "GEOG*3050",
    "prerequisites": "7.50 credits - Must be completed prior to taking this course."
  },
  {
    "code": "DVT*2100",
    "prerequisites": "DVT*1060 or DVT*2040 - Must be completed prior to taking this course."
  },
  {
    "code": "MCS*2010",
    "prerequisites": "2.00 credits - Must be completed prior to taking this course."
  },
  {
    "code": "SOPR*6100",
    "prerequisites": "SOPR*6000 - Must be completed prior to taking this course."
  },
  {
    "code": "MATH*4310",
    "prerequisites": "10.00 credits including MATH*2000 - Must be completed prior to taking this course."
  },
  {
    "code": "FARE*4330",
    "prerequisites": "FARE*3310 - Must be completed prior to taking this course."
  },
  {
    "code": "HK*4600",
    "prerequisites": "HK*3600 - Must be completed prior to taking this course."
  },
  {
    "code": "LARC*3500",
    "prerequisites": "LARC*3040 - Must be completed prior to taking this course."
  },
  {
    "code": "MGMT*2500",
    "prerequisites": "MGMT*1000 or MGMT*2150 - Must be completed prior to taking this course."
  },
  {
    "code": "HUMN*3470",
    "prerequisites": "5.00 credits - Must be completed prior to taking this course."
  },
  {
    "code": "HTM*4080",
    "prerequisites": "14.00 credits and a minimum of 700 hours of verified work experience in the hospitality, sport and tourism industries. - Must be completed prior to taking this course."
  },
  {
    "code": "DENM*4400",
    "prerequisites": "9.00 credits - Must be completed prior to taking this course."
  },
  {
    "code": "MGMT*2190",
    "prerequisites": "HROB*2090 - Must be completed prior to taking this course."
  },
  {
    "code": "PBIO*4070",
    "prerequisites": "1 of ENVB*3210, ENVS*3210, MICR*3090, MICR*3220 - Must be completed prior to taking this course."
  },
  {
    "code": "FREN*4660",
    "prerequisites": "1.00 credits at the 3000-level in French. - Must be completed prior to taking this course."
  },
  {
    "code": "MICR*4010",
    "prerequisites": "MCB*2050, (MBG*3080 or MICR*3240) - Must be completed prior to taking this course."
  },
  {
    "code": "FRAN*6720",
    "prerequisites": "FRAN*6710 - Minimum grade 065. - Must be completed prior to taking this course."
  },
  {
    "code": "MDST*2040",
    "prerequisites": "9.00 credits including MDST*1090, MDST*2090, MDST*2110 - Must be completed prior to taking this course."
  },
  {
    "code": "IDEV*3000",
    "prerequisites": "7.50 credits including 1.00 credit in IDEV courses at the 2000 level - Must be completed prior to taking this course."
  },
  {
    "code": "JUST*2070",
    "prerequisites": "JUST*2060 - Must be completed prior to taking this course."
  },
  {
    "code": "FREN*4770",
    "prerequisites": "FREN*4740 - Must be completed prior to taking this course."
  },
  {
    "code": "CSS*3120",
    "prerequisites": "(AHSS*2080 or CSS*2050), (CSS*2040 or FCSS*2040) - Must be completed prior to taking this course."
  },
  {
    "code": "EDRD*3140",
    "prerequisites": "5.00 credits - Must be completed prior to taking this course."
  },
  {
    "code": "CIS*2030",
    "prerequisites": "CIS*1910, CIS*2500 - Must be completed prior to taking this course."
  },
  {
    "code": "ECS*3170",
    "prerequisites": "10.00 credits - Must be completed prior to taking this course."
  },
  {
    "code": "SART*4200",
    "prerequisites": "SART*3200 - Must be completed prior to taking this course."
  },
  {
    "code": "FINA*6610",
    "prerequisites": "FINA*6515 - Must be completed prior to taking this course."
  },
  {
    "code": "NUTR*4320",
    "prerequisites": "NUTR*3210, (1 of BIOM*3200, HK*3810, ZOO*3210, ZOO*3620) - Must be completed prior to taking this course."
  },
  {
    "code": "CREA*4010",
    "prerequisites": "CREA*4000 - Must be completed prior to taking this course."
  },
  {
    "code": "MATH*4240",
    "prerequisites": "0.50 credits in Mathematics at the 3000 level. - Must be completed prior to taking this course."
  },
  {
    "code": "ACCT*3280",
    "prerequisites": "ACCT*3330 - Must be completed prior to taking this course."
  },
  {
    "code": "ECON*3500",
    "prerequisites": "ECON*2310 - Must be completed prior to taking this course."
  },
  {
    "code": "PSYC*2410",
    "prerequisites": "PSYC*1000 - Must be completed prior to taking this course."
  },
  {
    "code": "MATH*4600",
    "prerequisites": "1.00 credits in Mathematics at the 3000 level or above. - Must be completed prior to taking this course."
  },
  {
    "code": "MATH*2130",
    "prerequisites": "(1 of CIS*1300, CIS*1500, ENGG*1410), (1 of IPS*1510, MATH*1090, MATH*1210, MATH*2080) - Must be completed prior to taking this course."
  },
  {
    "code": "CTS*3030",
    "prerequisites": "CTS*2000, CTS*2010 - Must be completed prior to taking this course."
  },
  {
    "code": "DAGR*3210",
    "prerequisites": "DAGR*1200 - Must be completed prior to taking this course."
  },
  {
    "code": "DVT*2050",
    "prerequisites": "DVT*2120 - Must be taken either prior to or at the same time as this course."
  },
  {
    "code": "HK*3600",
    "prerequisites": "HK*2270 - Must be completed prior to taking this course."
  },
  {
    "code": "PSYC*2120",
    "prerequisites": "PSYC*1110 or (AHSS*1110, AHSS*1120) - Must be completed prior to taking this course."
  },
  {
    "code": "FRHD*3070",
    "prerequisites": "4.00 credits - Must be completed prior to taking this course."
  },
  {
    "code": "FRHD*4250",
    "prerequisites": "13.00 credits including (1 of BIOM*2000, BIOM*3200, FRHD*2060) - Must be completed prior to taking this course."
  },
  {
    "code": "DENM*3400",
    "prerequisites": "DENM*2000 - Must be completed prior to taking this course."
  },
  {
    "code": "MATH*2000",
    "prerequisites": "1 of IPS*1500, MATH*1080, MATH*1160, MATH*1200 - Must be completed prior to taking this course."
  },
  {
    "code": "DAGR*3080",
    "prerequisites": "DAGR*1070 - Must be completed prior to taking this course."
  },
  {
    "code": "ENGL*2280",
    "prerequisites": "2.00 credits - Must be completed prior to taking this course."
  },
  {
    "code": "DTM*3000",
    "prerequisites": "DTM*2000, DTM*2100 - Must be completed prior to taking this course."
  },
  {
    "code": "ENVS*2330",
    "prerequisites": "1 of BIOL*1050, BIOL*1070, ENVM*1000, ENVM*1200, ENVS*1030 - Must be completed prior to taking this course."
  },
  {
    "code": "FOOD*4270",
    "prerequisites": "FOOD*4260 - Must be completed prior to taking this course."
  },
  {
    "code": "OAGR*4050",
    "prerequisites": "OAGR*2070 - Must be completed prior to taking this course."
  },
  {
    "code": "CHEM*2480",
    "prerequisites": "CHEM*1050 - Must be completed prior to taking this course."
  },
  {
    "code": "MATH*2270",
    "prerequisites": "(ENGG*1500 or MATH*1160), (1 of IPS*1510, MATH*1090, MATH*1210, MATH*2080) - Must be completed prior to taking this course."
  },
  {
    "code": "ENGL*2550",
    "prerequisites": "2.00 credits - Must be completed prior to taking this course."
  },
  {
    "code": "MDST*2090",
    "prerequisites": "AHSS*1080, MDST*1020 - Must be completed prior to taking this course."
  },
  {
    "code": "HUMN*3000",
    "prerequisites": "7.50 credits - Must be completed prior to taking this course."
  },
  {
    "code": "HROB*4060",
    "prerequisites": "15.00 credits including (1 of BUS*3000, HROB*2100, HROB*2290, HROB*3000, PSYC*3070) - Must be completed prior to taking this course."
  },
  {
    "code": "FARE*2700",
    "prerequisites": "1 of ECON*1050, FARE*1040, FARE*1400 - Must be completed prior to taking this course."
  },
  {
    "code": "SART*2300",
    "prerequisites": "SART*1050, SART*1060, (1 of ARTH*1220, ARTH*1510, ARTH*1520, ARTH*2220) - Must be completed prior to taking this course."
  },
  {
    "code": "ANSC*4260",
    "prerequisites": "ANSC*3120 - Must be completed prior to taking this course."
  },
  {
    "code": "FINA*6531",
    "prerequisites": "FINA*6530 - Must be completed prior to taking this course."
  },
  {
    "code": "MDST*2150",
    "prerequisites": "2.00 credits - Must be completed prior to taking this course."
  },
  {
    "code": "CLAS*3090",
    "prerequisites": "GREK*2020 - Must be completed prior to taking this course."
  },
  {
    "code": "PHIL*3040",
    "prerequisites": "1.50 credits in Philosophy or 7.50 credits or PHIL*2120 - Must be completed prior to taking this course."
  },
  {
    "code": "HUMN*3020",
    "prerequisites": "5.00 credits - Must be completed prior to taking this course."
  },
  {
    "code": "GEOG*3320",
    "prerequisites": "7.50 credits - Must be completed prior to taking this course."
  },
  {
    "code": "REAL*3890",
    "prerequisites": "REAL*1820, (ACCT*2230 or REAL*2820) - Must be completed prior to taking this course."
  },
  {
    "code": "HIST*2260",
    "prerequisites": "2.00 credits - Must be completed prior to taking this course."
  },
  {
    "code": "CSS*2090",
    "prerequisites": "5.00 credits - Must be completed prior to taking this course."
  },
  {
    "code": "POPM*4230",
    "prerequisites": "1 of ANSC*2340, ANSC*3080, (ONEH*2000, POPM*3240) - Must be completed prior to taking this course."
  },
  {
    "code": "CIS*2750",
    "prerequisites": "CIS*2520, (CIS*2430 or ENGG*1420) - Must be completed prior to taking this course."
  },
  {
    "code": "LARC*4510",
    "prerequisites": "LARC*3060 - Must be completed prior to taking this course."
  },
  {
    "code": "MATH*2200",
    "prerequisites": "1 of IPS*1510, MATH*1090, MATH*1210, MATH*2080 - Must be completed prior to taking this course."
  },
  {
    "code": "PHIL*2160",
    "prerequisites": "2.00 credits or (1 of PHIL*1000, PHIL*1010, PHIL*1030, PHIL*1050) - Must be completed prior to taking this course."
  },
  {
    "code": "FRHD*4020",
    "prerequisites": "12.00 credits including FRHD*1020 - Must be completed prior to taking this course."
  },
  {
    "code": "AGR*2470",
    "prerequisites": "BIOL*1050 or BIOL*1070 - Must be completed prior to taking this course."
  },
  {
    "code": "FREN*3030",
    "prerequisites": "FREN*2020, FREN*2060, FREN*2520 - Must be completed prior to taking this course."
  },
  {
    "code": "THST*3170",
    "prerequisites": "7.50 credits, including THST*2270 - Must be completed prior to taking this course."
  },
  {
    "code": "VETM*4870",
    "prerequisites": "All Phase 2 courses - Must be completed prior to taking this course."
  },
  {
    "code": "SART*3300",
    "prerequisites": "SART*2300 - Must be completed prior to taking this course."
  },
  {
    "code": "IAEF*3510",
    "prerequisites": "9.00 credits - Must be completed prior to taking this course."
  },
  {
    "code": "ENVS*2080",
    "prerequisites": "BIOL*1070, BIOL*1090 - Must be completed prior to taking this course."
  },
  {
    "code": "DTM*4000",
    "prerequisites": "DTM*3000, DTM*3200, DTM*3300 - Must be completed prior to taking this course."
  },
  {
    "code": "ACCT*3230",
    "prerequisites": "ACCT*2230 - Must be completed prior to taking this course."
  },
  {
    "code": "BIOL*4610",
    "prerequisites": "BIOL*2060 - Must be completed prior to taking this course."
  },
  {
    "code": "SART*2460",
    "prerequisites": "SART*1050, SART*1060, (1 of ARTH*1220, ARTH*1510, ARTH*1520) - Must be completed prior to taking this course."
  },
  {
    "code": "ACCT*4020",
    "prerequisites": "ACCT*2230, MGMT*3020 - Must be completed prior to taking this course."
  },
  {
    "code": "HHNS*4372",
    "prerequisites": "HHNS*4371 or HK*4371 - Must be completed prior to taking this course."
  },
  {
    "code": "MUSC*2580",
    "prerequisites": "MUSC*2570 - Must be completed prior to taking this course."
  },
  {
    "code": "PHIL*3170",
    "prerequisites": "1 of (1.50 credits in Philosophy, 7.50 credits, PHIL*2180) - Must be completed prior to taking this course."
  },
  {
    "code": "CIS*2250",
    "prerequisites": "CIS*1250, CIS*1300 - Must be completed prior to taking this course."
  },
  {
    "code": "TRMH*6400",
    "prerequisites": "TRMH*6100, TRMH*6200, TRMH*6310, one of TRMH*6290, MCS*6050, SOC*6130 or PSYC*6060 and one of ANTH*6140, MCS*6080, FRAN*6020 or SOC*6140 Take MCS*6050 TRMH*6290 SOC*6130 or PSYC*6060; Minimum grade 065; Take ANTH*6140 FRAN*6020 MCS*6080 or SOC*6140; Minimum grade 065; - Must be completed prior to taking this course."
  },
  {
    "code": "PHYS*3130",
    "prerequisites": "(1 of MATH*1160, MATH*2150, MATH*2160), MATH*2200, MATH*2270, PHYS*2310, PHYS*2340 - Must be completed prior to taking this course."
  },
  {
    "code": "CRWR*2200",
    "prerequisites": "CRWR*1000 or ENGL*2920 - Must be completed prior to taking this course."
  },
  {
    "code": "ASCI*3700",
    "prerequisites": "A minimum of 9.00 credits. - Must be completed prior to taking this course."
  },
  {
    "code": "STAT*2060",
    "prerequisites": "(4U mathematics or equivalent) or 0.50 credit in mathematics - Must be completed prior to taking this course."
  },
  {
    "code": "NANO*1000",
    "prerequisites": "4U Chemistry or 4U Physics - Must be completed prior to taking this course."
  },
  {
    "code": "ENGL*2640",
    "prerequisites": "2.00 credits - Must be completed prior to taking this course."
  },
  {
    "code": "ECS*2100",
    "prerequisites": "ECS*1010, (AHSS*2040 or ECS*1050) - Must be completed prior to taking this course."
  },
  {
    "code": "XSEN*3040",
    "prerequisites": "CHEM*2700 - Must be completed prior to taking this course."
  },
  {
    "code": "GEOG*3440",
    "prerequisites": "GEOG*2480 - Must be completed prior to taking this course."
  },
  {
    "code": "MICR*2420",
    "prerequisites": "4.00 credits including (1 of BIOL*1070, BIOL*1080, BIOL*1090, CHEM*1040) - Must be completed prior to taking this course."
  },
  {
    "code": "HORT*3510",
    "prerequisites": "AGR*2470 or BOT*2100 - Must be completed prior to taking this course."
  },
  {
    "code": "ECON*2100",
    "prerequisites": "ECON*1050 or FARE*1040 - Must be completed prior to taking this course."
  },
  {
    "code": "ECS*3050",
    "prerequisites": "10.00 credits - Must be completed prior to taking this course."
  },
  {
    "code": "THST*3500",
    "prerequisites": "THST*2050, THST*2190 - Must be completed prior to taking this course."
  },
  {
    "code": "THST*4190",
    "prerequisites": "THST*3190 - Must be completed prior to taking this course."
  },
  {
    "code": "NANO*3600",
    "prerequisites": "(MATH*1160 or MATH*2160), (MATH*2170 or MATH*2270), (CHEM*3860 or PHYS*3230) - Must be completed prior to taking this course."
  },
  {
    "code": "JUST*1040",
    "prerequisites": "JUST*1000 - Must be completed prior to taking this course."
  },
  {
    "code": "BOT*3050",
    "prerequisites": "7.50 credits including BIOL*1070 - Must be completed prior to taking this course."
  },
  {
    "code": "FARE*4500",
    "prerequisites": "ECON*2770 - Must be completed prior to taking this course."
  },
  {
    "code": "MGMT*3030",
    "prerequisites": "12.50 credits. - Must be completed prior to taking this course."
  },
  {
    "code": "SART*3660",
    "prerequisites": "SART*2460 - Must be completed prior to taking this course."
  },
  {
    "code": "HIST*2500",
    "prerequisites": "2.00 credits - Must be completed prior to taking this course."
  },
  {
    "code": "TOX*4590",
    "prerequisites": "BIOC*3560, (BIOC*3570 or CHEM*3430) - Must be completed prior to taking this course."
  },
  {
    "code": "ANTH*4900",
    "prerequisites": "15.00 credits including ANTH*3690, (SOAN*3070 or SOAN*3120) - Must be completed prior to taking this course."
  },
  {
    "code": "BIOL*3670",
    "prerequisites": "1 of ANSC*2340, BIOL*2060, BIOL*2400, ZOO*2090 - Must be completed prior to taking this course."
  },
  {
    "code": "UNIV*2200",
    "prerequisites": "4.50 credits - Must be completed prior to taking this course."
  },
  {
    "code": "ENGL*2080",
    "prerequisites": "ENGL*1080 - Must be completed prior to taking this course."
  },
  {
    "code": "MGMT*3200",
    "prerequisites": "9.00 credits including MGMT*1000 or MGMT*2150 - Must be completed prior to taking this course."
  },
  {
    "code": "BADM*3130",
    "prerequisites": "BADM*3120 - Must be completed prior to taking this course."
  },
  {
    "code": "AGR*4020",
    "prerequisites": "AGR*2470, STAT*2040, (BIOL*1050 or BIOL*1070) - Must be completed prior to taking this course."
  },
  {
    "code": "PHIL*3210",
    "prerequisites": "1.50 credits in Philosophy or 7.50 credits - Must be completed prior to taking this course."
  },
  {
    "code": "MBG*3050",
    "prerequisites": "MCB*2050 - Must be completed prior to taking this course."
  },
  {
    "code": "POLS*3130",
    "prerequisites": "1 of POLS*2250, POLS*2300, POLS*2350 - Must be completed prior to taking this course."
  },
  {
    "code": "ZOO*3610",
    "prerequisites": "STAT*2040 or STAT*2230 - Must be completed prior to taking this course."
  },
  {
    "code": "FRAN*6730",
    "prerequisites": "FRAN*6720 - Must be completed prior to taking this course."
  },
  {
    "code": "FRHD*4140",
    "prerequisites": "14.00 credits - Must be completed prior to taking this course."
  },
  {
    "code": "VETM*4610",
    "prerequisites": "All Phase 3 courses - Must be completed prior to taking this course."
  },
  {
    "code": "ENVS*2030",
    "prerequisites": "1 of IPS*1500, MATH*1080, MATH*1200, PHYS*1070, PHYS*1080, PHYS*1130, PHYS*1300 - Must be completed prior to taking this course."
  },
  {
    "code": "DTM*4300",
    "prerequisites": "DTM*3000, DTM*3200, DTM*3300 - Must be completed prior to taking this course."
  },
  {
    "code": "DHRT*4190",
    "prerequisites": "DHRT*4290 - Must be completed prior to taking this course."
  },
  {
    "code": "MGMT*4040",
    "prerequisites": "12.00 credits including MGMT*1200 - Must be completed prior to taking this course."
  },
  {
    "code": "BIOM*4150",
    "prerequisites": "MBG*2040, MCB*2050, (1 of BIOM*3040, BIOM*4070, ZOO*3000) - Must be completed prior to taking this course."
  },
  {
    "code": "CRWR*3200",
    "prerequisites": "CRWR*2200 or (ENGL*1080, ENGL*2920) - Must be completed prior to taking this course."
  },
  {
    "code": "LARC*3440",
    "prerequisites": "LARC*3430 - Must be completed prior to taking this course."
  },
  {
    "code": "HK*3100",
    "prerequisites": "1 of BIOM*3200, HK*3810, ZOO*3600 - Must be completed prior to taking this course."
  },
  {
    "code": "MCS*4600",
    "prerequisites": "10.00 credits including MCS*3030 - Must be completed prior to taking this course."
  },
  {
    "code": "HK*3810",
    "prerequisites": "HK*2810 - Must be completed prior to taking this course."
  },
  {
    "code": "GEOG*3000",
    "prerequisites": "GEOG*2000, (1 of GEOG*2460, STAT*2040, STAT*2120, STAT*2230) - Must be completed prior to taking this course."
  },
  {
    "code": "HIST*2180",
    "prerequisites": "2.00 credits - Must be completed prior to taking this course."
  },
  {
    "code": "VETM*3410",
    "prerequisites": "All Phase 1 courses - Must be completed prior to taking this course."
  },
  {
    "code": "MCB*4510",
    "prerequisites": "MCB*4500. Normally, students must have completed 6 semesters in an appropriate program in the biological sciences. Minimum 70% cumulative average in science courses during the first 6 semesters of the relevant majors. - Must be completed prior to taking this course."
  },
  {
    "code": "POPM*6560",
    "prerequisites": "POPM*6200, POPM*6510, POPM*6520, POPM*6530, POPM*6540, and POPM*6550 - Must be completed prior to taking this course."
  },
  {
    "code": "PSYC*2180",
    "prerequisites": "4.00 credits - Must be completed prior to taking this course."
  },
  {
    "code": "FOOD*3170",
    "prerequisites": "FOOD*3140 or FOOD*3160 - Must be completed prior to taking this course."
  },
  {
    "code": "FRHD*2060",
    "prerequisites": "1 of ANTH*1150, FRHD*1010, FRHD*1100, PSYC*1000, PSYC*1100, PSYC*1200, SOC*1100 - Must be completed prior to taking this course."
  },
  {
    "code": "DAGR*3070",
    "prerequisites": "DAGR*1070 - Must be completed prior to taking this course."
  },
  {
    "code": "MBG*3660",
    "prerequisites": "MCB*2050 - Must be completed prior to taking this course."
  },
  {
    "code": "ECS*2070",
    "prerequisites": "ECS*1070 or ECS*2020 - Must be completed prior to taking this course."
  },
  {
    "code": "ENGG*2450",
    "prerequisites": "PHYS*1010 - Must be completed prior to taking this course."
  },
  {
    "code": "PSYC*2220",
    "prerequisites": "PSYC*2200 - Must be completed prior to taking this course."
  },
  {
    "code": "FRHD*2280",
    "prerequisites": "1 of ANTH*1150, FRHD*1010, FRHD*1100, PSYC*1000, SOC*1100 - Must be completed prior to taking this course."
  },
  {
    "code": "TRMH*6270",
    "prerequisites": "TRMH*6100 and PSYC*6060 Minimum grade 065; - Must be completed prior to taking this course."
  },
  {
    "code": "ARTH*3720",
    "prerequisites": "7.50 credits or 1.50 credits in Art History - Must be completed prior to taking this course."
  },
  {
    "code": "CHEM*3860",
    "prerequisites": "CHEM*2060, (MATH*2170 or MATH*2270) - Must be completed prior to taking this course."
  },
  {
    "code": "ECS*3160",
    "prerequisites": "10.00 credits - Must be completed prior to taking this course."
  },
  {
    "code": "MICR*3240",
    "prerequisites": "BIOC*3560, MBG*2040, MICR*2420 - Must be completed prior to taking this course."
  },
  {
    "code": "MBG*4110",
    "prerequisites": "MBG*3040 - Must be completed prior to taking this course."
  },
  {
    "code": "KIN*2100",
    "prerequisites": "KIN*1010, KIN*1040, KIN*1060 - Must be completed prior to taking this course."
  },
  {
    "code": "JUST*3060",
    "prerequisites": "5.00 credits including JUST*1020 - Must be completed prior to taking this course."
  },
  {
    "code": "HIST*2510",
    "prerequisites": "2.00 credits - Must be completed prior to taking this course."
  },
  {
    "code": "MDST*2110",
    "prerequisites": "(AHSS*1210 or MDST*1040), (MDST*1050 or MDST*2080), [(MDST*1100, MDST*1200) or MDST*1080] - Must be completed prior to taking this course."
  },
  {
    "code": "IDEV*3300",
    "prerequisites": "7.50 credits including 1.00 credit in IDEV courses at the 2000 level - Must be completed prior to taking this course."
  },
  {
    "code": "ENGL*2270",
    "prerequisites": "2.00 credits - Must be completed prior to taking this course."
  },
  {
    "code": "GEOG*4110",
    "prerequisites": "GEOG*3110 or GEOG*3610 - Must be completed prior to taking this course."
  },
  {
    "code": "HIST*2210",
    "prerequisites": "2.00 credits - Must be completed prior to taking this course."
  },
  {
    "code": "CSS*4050",
    "prerequisites": "15.00 credits including CSS*1020, CSS*1030, CSS*2060 - Must be completed prior to taking this course."
  },
  {
    "code": "FCSS*2030",
    "prerequisites": "1.00 credits - Must be completed prior to taking this course."
  },
  {
    "code": "VETM*3210",
    "prerequisites": "All Phase 1 courses - Must be taken either prior to or at the same time as this course."
  },
  {
    "code": "MGMT*3100",
    "prerequisites": "8.00 credits - Must be completed prior to taking this course."
  },
  {
    "code": "ACCT*2230",
    "prerequisites": "ACCT*1220 - Must be completed prior to taking this course."
  },
  {
    "code": "THST*3600",
    "prerequisites": "3.00 credits in Theatre Studies including THST*3140 - Must be completed prior to taking this course."
  },
  {
    "code": "NANO*4700",
    "prerequisites": "MATH*1160, (CHEM*3860 or PHYS*3230) - Must be completed prior to taking this course."
  },
  {
    "code": "MICR*2430",
    "prerequisites": "MICR*2420 - Must be completed prior to taking this course."
  },
  {
    "code": "TOX*4000",
    "prerequisites": "BIOM*3090 - Must be completed prior to taking this course."
  },
  {
    "code": "THST*3630",
    "prerequisites": "3.00 credits in Theatre Studies including one of the following, as appropriate to the topic of the course: THST*2080, THST*2120, THST*2230, THST*2240. - Must be completed prior to taking this course."
  },
  {
    "code": "DHRT*4320",
    "prerequisites": "DAGR*1200, (DAGR*1300 or DHRT*2230) - Must be completed prior to taking this course."
  },
  {
    "code": "PHIL*3060",
    "prerequisites": "1.50 credits in Philosophy or 7.50 credits - Must be completed prior to taking this course."
  },
  {
    "code": "KIN*2020",
    "prerequisites": "KIN*2060, KIN*2070 - Must be completed prior to taking this course."
  },
  {
    "code": "CHIN*2210",
    "prerequisites": "CHIN*2200 - Must be completed prior to taking this course."
  },
  {
    "code": "SART*3200",
    "prerequisites": "SART*2200 - Must be completed prior to taking this course."
  },
  {
    "code": "CSS*3030",
    "prerequisites": "AHSS*2080 or CSS*2050 - Must be completed prior to taking this course."
  },
  {
    "code": "PSYC*2200",
    "prerequisites": "PSYC*1110 or (AHSS*1110, AHSS*1120) - Must be completed prior to taking this course."
  },
  {
    "code": "DHRT*4290",
    "prerequisites": "DHRT*3180 - Must be completed prior to taking this course."
  },
  {
    "code": "MDST*3030",
    "prerequisites": "9.00 credits including (MDST*1080 or MDST*1200), (MDST*1050 or MDST*2080) - Must be completed prior to taking this course."
  },
  {
    "code": "ACCT*1240",
    "prerequisites": "ACCT*1220 or ACCT*2220 - Must be completed prior to taking this course."
  },
  {
    "code": "ECON*2410",
    "prerequisites": "ECON*1100, (1 of IPS*1500, MATH*1030, MATH*1080, MATH*1200) - Must be completed prior to taking this course."
  },
  {
    "code": "ECON*4700",
    "prerequisites": "ECON*3710, ECON*3740 - Must be completed prior to taking this course."
  },
  {
    "code": "VETM*3440",
    "prerequisites": "All Phase 1 courses - Must be completed prior to taking this course."
  },
  {
    "code": "FOOD*2400",
    "prerequisites": "CHEM*1040 - Must be completed prior to taking this course."
  },
  {
    "code": "SPAN*2040",
    "prerequisites": "HISP*1110 or SPAN*1110 - Must be completed prior to taking this course."
  },
  {
    "code": "BIOC*4540",
    "prerequisites": "BIOC*3560 (may be taken concurrently), BIOC*3570 - Must be completed prior to taking this course."
  },
  {
    "code": "NUTR*4900",
    "prerequisites": "FRHD*3070, NUTR*3090, NUTR*4010 - Must be completed prior to taking this course."
  },
  {
    "code": "GEOG*2000",
    "prerequisites": "1 of ENGG*1100, ENVS*1050, ENVS*1060, GEOG*1300, GEOG*1350, GEOL*1050, GEOL*1100 - Must be completed prior to taking this course."
  },
  {
    "code": "CLAS*3050",
    "prerequisites": "GREK*2020 - Must be completed prior to taking this course."
  },
  {
    "code": "ANTH*3650",
    "prerequisites": "(1 of ANTH*2160, ANTH*2180, IDEV*2200, IES*2010), (1 of ANTH*2230, ANTH*2660, HIST*2090, IDEV*2000, IDEV*2400) - Must be completed prior to taking this course."
  },
  {
    "code": "ARTH*2010",
    "prerequisites": "1 of (2.00 credits, ARTH*1510, ARTH*1520) - Must be completed prior to taking this course."
  },
  {
    "code": "CLAS*3070",
    "prerequisites": "GREK*2020 - Must be completed prior to taking this course."
  },
  {
    "code": "PATH*4100",
    "prerequisites": "PATH*3610 - Must be completed prior to taking this course."
  },
  {
    "code": "XSEN*3200",
    "prerequisites": "CHEM*3750 - Must be completed prior to taking this course."
  },
  {
    "code": "PHYS*1500",
    "prerequisites": "(1 of 4U Physics, PHYS*1020, PHYS*1300), (4U Calculus and Vectors or Grade 12 Calculus) - Must be completed prior to taking this course."
  },
  {
    "code": "ACCT*4340",
    "prerequisites": "15.00 credits including ACCT*3340 - Must be completed prior to taking this course."
  },
  {
    "code": "NEUR*3500",
    "prerequisites": "MCB*2050, PSYC*3270, (1 of NEUR*2000, NEUR*2100, PSYC*2410), (1 of BIOM*3200, HK*2810, ZOO*3600) - Must be completed prior to taking this course."
  },
  {
    "code": "SPMT*4040",
    "prerequisites": "14.00 credits, including SPMT*2020 - Must be completed prior to taking this course."
  },
  {
    "code": "POLS*3320",
    "prerequisites": "1 of IDEV*2000, IDEV*2400, POLS*2080 - Must be completed prior to taking this course."
  },
  {
    "code": "NANO*3300",
    "prerequisites": "NANO*2100, (CHEM*3860 or PHYS*3230) - Must be completed prior to taking this course."
  },
  {
    "code": "MGMT*2260",
    "prerequisites": "MGMT*1000 or MGMT*2150 - Must be completed prior to taking this course."
  },
  {
    "code": "PHIL*3160",
    "prerequisites": "1.50 credits in Philosophy or 7.50 credits - Must be completed prior to taking this course."
  },
  {
    "code": "CRWR*3100",
    "prerequisites": "1 of CRWR*2100, CRWR*2150, (ENGL*1080, ENGL*2920) - Must be completed prior to taking this course."
  },
  {
    "code": "ANSC*4280",
    "prerequisites": "ANSC*3120 - Must be completed prior to taking this course."
  },
  {
    "code": "HIST*2000",
    "prerequisites": "2.00 credits - Must be completed prior to taking this course."
  },
  {
    "code": "BIOL*3060",
    "prerequisites": "10.00 credits including BIOL*2060, (1 of GEOG*2460, STAT*2040, STAT*2060, STAT*2230) - Must be completed prior to taking this course."
  }
]