[
  {
    "code": "DVT*2210",
    "prerequisites": "DVT*1010, (DVT*2070 or DVT*1350), (DVT*1060 or DVT*2040) - Must be completed prior to taking this course."
  },
  {
    "code": "CRWR*2150",
    "prerequisites": "CRWR*1000 or ENGL*2920 - Must be completed prior to taking this course."
  },
  {
    "code": "GEOG*3490",
    "prerequisites": "7.50 credits - Must be completed prior to taking this course."
  },
  {
    "code": "HK*2810",
    "prerequisites": "BIOC*2580, BIOL*1080 - Must be completed prior to taking this course."
  },
  {
    "code": "MBG*4040",
    "prerequisites": "MBG*3040 - Must be completed prior to taking this course."
  },
  {
    "code": "NUTR*4910",
    "prerequisites": "NUTR*4810 - Must be completed prior to taking this course."
  },
  {
    "code": "MATH*4240",
    "prerequisites": "0.50 credits in Mathematics at the 3000 level. - Must be completed prior to taking this course."
  },
  {
    "code": "RST*6010",
    "prerequisites": "RST*6000 - Must be completed prior to taking this course."
  },
  {
    "code": "STAT*2060",
    "prerequisites": "(4U mathematics or equivalent) or 0.50 credit in mathematics - Must be completed prior to taking this course."
  },
  {
    "code": "OAGR*2070",
    "prerequisites": "5.00 credits - Must be completed prior to taking this course."
  },
  {
    "code": "CSS*4040",
    "prerequisites": "12.50 credits - Must be completed prior to taking this course."
  },
  {
    "code": "MGMT*4140",
    "prerequisites": "ECON*3740, MGMT*3140, (CIS*1300 or CIS*1500) - Must be completed prior to taking this course."
  },
  {
    "code": "PATH*3610",
    "prerequisites": "1.50 credits in biology - Must be completed prior to taking this course."
  },
  {
    "code": "HIST*2280",
    "prerequisites": "2.00 credits - Must be completed prior to taking this course."
  },
  {
    "code": "SART*4090",
    "prerequisites": "SART*3090 - Must be completed prior to taking this course."
  },
  {
    "code": "MCS*3000",
    "prerequisites": "10.00 credits including MCS*1000 - Must be completed prior to taking this course."
  },
  {
    "code": "LAT*1110",
    "prerequisites": "LAT*1100 or Grade 12 Latin - Must be completed prior to taking this course."
  },
  {
    "code": "UNIV*1260",
    "prerequisites": "UNIV*1250 - Must be completed prior to taking this course."
  },
  {
    "code": "MBG*3350",
    "prerequisites": "BIOC*2580, MCB*2050 - Must be completed prior to taking this course."
  },
  {
    "code": "GEOG*2480",
    "prerequisites": "5.00 credits - Must be completed prior to taking this course."
  },
  {
    "code": "CHEM*2480",
    "prerequisites": "CHEM*1050 - Must be completed prior to taking this course."
  },
  {
    "code": "PSYC*1130",
    "prerequisites": "AHSS*1110 or PSYC*1110 - Must be completed prior to taking this course."
  },
  {
    "code": "SPMT*4140",
    "prerequisites": "MGMT*3140, SPMT*2020 - Must be completed prior to taking this course."
  },
  {
    "code": "SOAN*2400",
    "prerequisites": "1 of ANTH*1150, IDEV*1000, SOC*1100 - Must be completed prior to taking this course."
  },
  {
    "code": "THST*2270",
    "prerequisites": "THST*1270 - Must be completed prior to taking this course."
  },
  {
    "code": "PHIL*3160",
    "prerequisites": "1.50 credits in Philosophy or 7.50 credits - Must be completed prior to taking this course."
  },
  {
    "code": "ENGL*2130",
    "prerequisites": "ENGL*1080 - Must be completed prior to taking this course."
  },
  {
    "code": "ENGG*2160",
    "prerequisites": "ENGG*1210, ENGG*1500, 0.50 credits in calculus - Must be completed prior to taking this course."
  },
  {
    "code": "MCS*4950",
    "prerequisites": "15.00 credits including MCS*3030, MCS*3500, MCS*3620 - Must be completed prior to taking this course."
  },
  {
    "code": "BIOM*4090",
    "prerequisites": "BIOM*3090 - Must be completed prior to taking this course."
  },
  {
    "code": "DHRT*3910",
    "prerequisites": "4.00 credits - Must be completed prior to taking this course."
  },
  {
    "code": "NANO*3200",
    "prerequisites": "NANO*2100 - Must be completed prior to taking this course."
  },
  {
    "code": "CHEM*4400",
    "prerequisites": "CHEM*3430 - Must be completed prior to taking this course."
  },
  {
    "code": "HIST*2340",
    "prerequisites": "2.00 credits - Must be completed prior to taking this course."
  },
  {
    "code": "SART*3470",
    "prerequisites": "SART*2460 or SART*2610 - Must be completed prior to taking this course."
  },
  {
    "code": "NUTR*4040",
    "prerequisites": "14.50 credits including NUTR*3090, (BIOM*2000 or BIOM*3200) - Must be completed prior to taking this course."
  },
  {
    "code": "TRMH*6270",
    "prerequisites": "TRMH*6100 and PSYC*6060 Minimum grade 065; - Must be completed prior to taking this course."
  },
  {
    "code": "ARTH*2480",
    "prerequisites": "1 of (2.00 credits, ARTH*1510, ARTH*1520) - Must be completed prior to taking this course."
  },
  {
    "code": "STAT*2080",
    "prerequisites": "(4U mathematics or equivalent) or 0.50 credit in mathematics - Must be completed prior to taking this course."
  },
  {
    "code": "ENVS*3020",
    "prerequisites": "[BIOL*1040 or (2 of BIOL*1050, BIOL*1070, BIOL*1080, BIOL*1090)], CHEM*1040 - Must be completed prior to taking this course."
  },
  {
    "code": "ANTH*3690",
    "prerequisites": "ANTH*2230, (ANTH*2160 or ANTH*2180), SOAN*2120 - Must be completed prior to taking this course."
  },
  {
    "code": "FCSS*2030",
    "prerequisites": "1.00 credits - Must be completed prior to taking this course."
  },
  {
    "code": "HORT*4300",
    "prerequisites": "AGR*2470 - Must be completed prior to taking this course."
  },
  {
    "code": "CHEM*1040",
    "prerequisites": "4U Chemistry (or equivalent) or CHEM*1060 - Must be completed prior to taking this course."
  },
  {
    "code": "SPAN*3800",
    "prerequisites": "1.00 credits from the following: (HISP*3220 or SPAN*3220), (HISP*3230 or SPAN*3230), SPAN*3080 - Must be completed prior to taking this course."
  },
  {
    "code": "VETM*4610",
    "prerequisites": "All Phase 3 courses - Must be completed prior to taking this course."
  },
  {
    "code": "HTM*4060",
    "prerequisites": "HTM*3060 - Must be completed prior to taking this course."
  },
  {
    "code": "MUSC*2340",
    "prerequisites": "MUSC*1340 - Must be completed prior to taking this course."
  },
  {
    "code": "VETM*3410",
    "prerequisites": "All Phase 1 courses - Must be completed prior to taking this course."
  },
  {
    "code": "IDEV*4600",
    "prerequisites": "14.00 credits including (1.00 credit in IDEV courses at the 3000 level or ONEH*3000) - Must be completed prior to taking this course."
  },
  {
    "code": "HHNS*6820",
    "prerequisites": "HHNS*6810 - Must be completed prior to taking this course."
  },
  {
    "code": "ONEH*4000",
    "prerequisites": "14.00 credits including ONEH*3000 - Must be completed prior to taking this course."
  },
  {
    "code": "ACCT*4350",
    "prerequisites": "ACCT*3350 or BUS*3350 - Must be completed prior to taking this course."
  },
  {
    "code": "MATH*1160",
    "prerequisites": "4U Calculus and Vectors or 4U Advanced Functions - Must be completed prior to taking this course."
  },
  {
    "code": "NUTR*2150",
    "prerequisites": "(BIOL*1040 or BIOL*1080), CHEM*1040 - Must be completed prior to taking this course."
  },
  {
    "code": "JUST*2070",
    "prerequisites": "JUST*2060 - Must be completed prior to taking this course."
  },
  {
    "code": "ASCI*4040",
    "prerequisites": "12.00 credits including 0.50 of ASCI at the 3000 level - Must be completed prior to taking this course."
  },
  {
    "code": "CRWR*3100",
    "prerequisites": "1 of CRWR*2100, CRWR*2150, (ENGL*1080, ENGL*2920) - Must be completed prior to taking this course."
  },
  {
    "code": "ACCT*4440",
    "prerequisites": "15.00 credits including ACCT*3280, ACCT*3340, ACCT*3350 - Must be completed prior to taking this course."
  },
  {
    "code": "MDST*3060",
    "prerequisites": "9.00 credits including MDST*1090, MDST*2020, MDST*2090, (MDST*1080 or MDST*1200) - Must be completed prior to taking this course."
  },
  {
    "code": "NUTR*4090",
    "prerequisites": "NUTR*3210 - Must be completed prior to taking this course."
  },
  {
    "code": "CIS*2500",
    "prerequisites": "CIS*1300 - Must be completed prior to taking this course."
  },
  {
    "code": "ACCT*3230",
    "prerequisites": "ACCT*2230 - Must be completed prior to taking this course."
  },
  {
    "code": "VETM*3470",
    "prerequisites": "All Phase 1 courses - Must be completed prior to taking this course."
  },
  {
    "code": "GERM*3150",
    "prerequisites": "GERM*2010 or 2.50 credits in GERM - Must be completed prior to taking this course."
  },
  {
    "code": "HIST*2300",
    "prerequisites": "2.00 credits - Must be completed prior to taking this course."
  },
  {
    "code": "DHRT*4200",
    "prerequisites": "DHRT*3170 - Must be completed prior to taking this course."
  },
  {
    "code": "BIOL*3300",
    "prerequisites": "MBG*2040, (1 of STAT*2040, STAT*2120, STAT*2230) - Must be completed prior to taking this course."
  },
  {
    "code": "SPAN*4500",
    "prerequisites": "HISP*3500 or SPAN*3500 - Must be completed prior to taking this course."
  },
  {
    "code": "EQN*3250",
    "prerequisites": "ANSC*3080 - Must be taken either prior to or at the same time as this course."
  },
  {
    "code": "NUTR*4360",
    "prerequisites": "NUTR*3210, (BIOM*3200 or HK*3810) - Must be completed prior to taking this course."
  },
  {
    "code": "TRMH*6080",
    "prerequisites": "TRMH*6290 - Must be completed prior to taking this course."
  },
  {
    "code": "CHEM*2400",
    "prerequisites": "CHEM*1050 - Must be completed prior to taking this course."
  },
  {
    "code": "SXGN*3010",
    "prerequisites": "SXGN*2000, SXGN*2010 - Must be completed prior to taking this course."
  },
  {
    "code": "CLAS*4990",
    "prerequisites": "1.50 credits in Classical Studies at the 3000 level - Must be completed prior to taking this course."
  },
  {
    "code": "MCB*4020",
    "prerequisites": "14.00 credits - Must be completed prior to taking this course."
  },
  {
    "code": "CHEM*2720",
    "prerequisites": "CHEM*1050 - Must be completed prior to taking this course."
  },
  {
    "code": "XSEN*3200",
    "prerequisites": "CHEM*3750 - Must be completed prior to taking this course."
  },
  {
    "code": "POPM*6520",
    "prerequisites": "POPM*6200 - Must be taken either prior to or at the same time as this course."
  },
  {
    "code": "HORT*3510",
    "prerequisites": "AGR*2470 or BOT*2100 - Must be completed prior to taking this course."
  },
  {
    "code": "SOAN*2120",
    "prerequisites": "1 of ANTH*1150, IDEV*1000, SOC*1100, SOC*1500 - Must be completed prior to taking this course."
  },
  {
    "code": "ARTH*3720",
    "prerequisites": "7.50 credits or 1.50 credits in Art History - Must be completed prior to taking this course."
  },
  {
    "code": "UNIV*4800",
    "prerequisites": "4.00 credits completed; minimum 60% cumulative average - Must be completed prior to taking this course."
  },
  {
    "code": "ACCT*3330",
    "prerequisites": "ACCT*1220 or ACCT*2220 - Must be completed prior to taking this course."
  },
  {
    "code": "DTM*2200",
    "prerequisites": "DTM*1000 - Must be completed prior to taking this course."
  },
  {
    "code": "ENGL*2360",
    "prerequisites": "2.00 credits - Must be completed prior to taking this course."
  },
  {
    "code": "DVT*2050",
    "prerequisites": "DVT*2120 - Must be taken either prior to or at the same time as this course."
  },
  {
    "code": "MCS*4060",
    "prerequisites": "14.00 credits - Must be completed prior to taking this course."
  },
  {
    "code": "IDEV*4100",
    "prerequisites": "14.00 credits including IDEV*3000, IDEV*3100 - Must be completed prior to taking this course."
  },
  {
    "code": "PHYS*2600",
    "prerequisites": "IPS*1500 or [(1 of PHYS*1010, PHYS*1070, PHYS*1080, PHYS*1130, PHYS*1300), (1 of MATH*1030, MATH*1080, MATH*1160, MATH*1200)] - Must be completed prior to taking this course."
  },
  {
    "code": "HIST*2160",
    "prerequisites": "2.00 credits - Must be completed prior to taking this course."
  },
  {
    "code": "NANO*4100",
    "prerequisites": "MATH*2270, (CHEM*2820 or PHYS*2240) - Must be completed prior to taking this course."
  },
  {
    "code": "PABI*6650",
    "prerequisites": "PABI*6630 and PABI*6640 - Must be completed prior to taking this course."
  },
  {
    "code": "POLS*3320",
    "prerequisites": "1 of IDEV*2000, IDEV*2400, POLS*2080 - Must be completed prior to taking this course."
  },
  {
    "code": "JUST*3010",
    "prerequisites": "5.00 credits including (AHSS*1110 or PSYC*1110) - Must be completed prior to taking this course."
  },
  {
    "code": "NEUR*4421",
    "prerequisites": "14.00 credits - Must be completed prior to taking this course."
  },
  {
    "code": "NANO*2000",
    "prerequisites": "CHEM*1050, [IPS*1510 or ( MATH*1210, PHYS*1010)] - Must be completed prior to taking this course."
  },
  {
    "code": "GEOG*3110",
    "prerequisites": "(1 of GEOG*2460, STAT*2040, STAT*2230), (1 of BIOL*2060, ENVS*2030, GEOG*2110) - Must be completed prior to taking this course."
  },
  {
    "code": "DVT*2070",
    "prerequisites": "DVT*1160 - Must be completed prior to taking this course."
  },
  {
    "code": "EURO*4060",
    "prerequisites": "10.00 credits - Must be completed prior to taking this course."
  },
  {
    "code": "CLAS*3020",
    "prerequisites": "1 of CLAS*1000, CLAS*2000, HIST*2850 - Must be completed prior to taking this course."
  },
  {
    "code": "ECON*3400",
    "prerequisites": "ECON*2310 or ECON*2200 - Must be completed prior to taking this course."
  },
  {
    "code": "PSYC*2330",
    "prerequisites": "PSYC*1000 - Must be completed prior to taking this course."
  },
  {
    "code": "CIS*3490",
    "prerequisites": "[CIS*1910 or (CIS*2910 and ENGG*1500)], CIS*2520 - Must be completed prior to taking this course."
  },
  {
    "code": "SPAN*4840",
    "prerequisites": "1 of SPAN*3210, SPAN*3220, SPAN*3230 - Must be completed prior to taking this course."
  },
  {
    "code": "FREN*3130",
    "prerequisites": "FREN*2020, FREN*2060, FREN*2520 - Must be completed prior to taking this course."
  },
  {
    "code": "ENGL*3100",
    "prerequisites": "7.50 credits including 0.50 credits in English (excluding ENGL*1030). - Must be completed prior to taking this course."
  },
  {
    "code": "CROP*4240",
    "prerequisites": "AGR*2470 - Must be completed prior to taking this course."
  },
  {
    "code": "HK*3502",
    "prerequisites": "HK*3501 - Must be completed prior to taking this course."
  },
  {
    "code": "MBG*4110",
    "prerequisites": "MBG*3040 - Must be completed prior to taking this course."
  },
  {
    "code": "MICR*2430",
    "prerequisites": "MICR*2420 - Must be completed prior to taking this course."
  },
  {
    "code": "PHYS*4001",
    "prerequisites": "PHYS*3510 - Must be completed prior to taking this course."
  },
  {
    "code": "EDRD*4120",
    "prerequisites": "14.00 credits - Must be completed prior to taking this course."
  },
  {
    "code": "HTM*4110",
    "prerequisites": "HTM*3090 - Must be completed prior to taking this course."
  },
  {
    "code": "XSEN*3060",
    "prerequisites": "BIOC*2580, CHEM*2400 - Must be completed prior to taking this course."
  },
  {
    "code": "SOAN*3240",
    "prerequisites": "1 of ANTH*2160, ANTH*2180, IDEV*2000, IDEV*2300, SOC*2080 - Must be completed prior to taking this course."
  },
  {
    "code": "BADM*3120",
    "prerequisites": "BADM*2010, (BADM*1050 or BADM*1060) - Must be completed prior to taking this course."
  },
  {
    "code": "HTM*6720",
    "prerequisites": "HTM*6710 - Must be completed prior to taking this course."
  },
  {
    "code": "FARE*3000",
    "prerequisites": "9.50 credits including (1 of ECON*1050, FARE*1040, FARE*1400), (1 of ECON*2740, STAT*2040, STAT*2060) - Must be completed prior to taking this course."
  },
  {
    "code": "MATH*4310",
    "prerequisites": "10.00 credits including MATH*2000 - Must be completed prior to taking this course."
  },
  {
    "code": "NUTR*4010",
    "prerequisites": "14.50 credits including NUTR*2050, NUTR*3210 - Must be completed prior to taking this course."
  },
  {
    "code": "SOC*3740",
    "prerequisites": "(SOAN*2112 or SOC*2700), SOAN*2120 - Must be completed prior to taking this course."
  },
  {
    "code": "CHEM*3430",
    "prerequisites": "(CHEM*2400 or CHEM*2480) - Must be completed prior to taking this course."
  },
  {
    "code": "SOC*2080",
    "prerequisites": "1 of ANTH*1150, IDEV*1000, GEOG*1220, SOC*1100 - Must be completed prior to taking this course."
  },
  {
    "code": "DENM*2020",
    "prerequisites": "DENM*1120 - Must be completed prior to taking this course."
  },
  {
    "code": "PHIL*3200",
    "prerequisites": "1.50 credits in Philosophy or 7.50 credits - Must be completed prior to taking this course."
  },
  {
    "code": "ECS*3060",
    "prerequisites": "ECS*3030 - Must be completed prior to taking this course."
  },
  {
    "code": "LARC*3440",
    "prerequisites": "LARC*3430 - Must be completed prior to taking this course."
  },
  {
    "code": "SPAN*4100",
    "prerequisites": "(HISP*4410 or SPAN*4410), (HISP*4420 or SPAN*4420) - Must be completed prior to taking this course."
  },
  {
    "code": "BIOM*4500",
    "prerequisites": "12.00 credits - Must be completed prior to taking this course."
  },
  {
    "code": "STAT*2230",
    "prerequisites": "BIOL*1070 - Must be completed prior to taking this course."
  },
  {
    "code": "ZOO*3620",
    "prerequisites": "ZOO*3600 - Must be completed prior to taking this course."
  },
  {
    "code": "AGR*3010",
    "prerequisites": "10.00 credits - Must be completed prior to taking this course."
  },
  {
    "code": "CTS*3000",
    "prerequisites": "CTS*1000, (CTS*2000 or CTS*2010) - Must be completed prior to taking this course."
  },
  {
    "code": "DEQN*4500",
    "prerequisites": "9.00 credits - Must be completed prior to taking this course."
  },
  {
    "code": "UNIV*2250",
    "prerequisites": "UNIV*1250, UNIV*1260 - Must be completed prior to taking this course."
  },
  {
    "code": "DTM*3800",
    "prerequisites": "4.00 credits - Must be completed prior to taking this course."
  },
  {
    "code": "SART*2700",
    "prerequisites": "SART*1050, SART*1060, (1 of ARTH*1220, ARTH*1510, ARTH*1520, ARTH*2220) - Must be completed prior to taking this course."
  },
  {
    "code": "FREN*3140",
    "prerequisites": "FREN*2020, FREN*2060, FREN*2520 - Must be completed prior to taking this course."
  },
  {
    "code": "ECS*3160",
    "prerequisites": "10.00 credits - Must be completed prior to taking this course."
  },
  {
    "code": "HIST*2500",
    "prerequisites": "2.00 credits - Must be completed prior to taking this course."
  },
  {
    "code": "GEOG*2460",
    "prerequisites": "0.50 credits at the 1000 or 2000 level in Geography - Must be completed prior to taking this course."
  },
  {
    "code": "CLAS*3050",
    "prerequisites": "GREK*2020 - Must be completed prior to taking this course."
  },
  {
    "code": "FARE*4330",
    "prerequisites": "FARE*3310 - Must be completed prior to taking this course."
  },
  {
    "code": "CRWR*2300",
    "prerequisites": "CRWR*1000 or ENGL*2920 - Must be completed prior to taking this course."
  },
  {
    "code": "PHIL*2600",
    "prerequisites": "2.00 credits or (1 of PHIL*1000, PHIL*1010, PHIL*1050) - Must be completed prior to taking this course."
  },
  {
    "code": "JUST*4000",
    "prerequisites": "10.00 credits including JUST*2000 - Must be completed prior to taking this course."
  },
  {
    "code": "POLS*3020",
    "prerequisites": "1 of IDEV*2400, POLS*2200, POLS*2350 - Must be completed prior to taking this course."
  },
  {
    "code": "FOOD*3050",
    "prerequisites": "BIOC*2580 - Must be completed prior to taking this course."
  },
  {
    "code": "MATH*2130",
    "prerequisites": "(1 of CIS*1300, CIS*1500, ENGG*1410), (1 of IPS*1510, MATH*1090, MATH*1210, MATH*2080) - Must be completed prior to taking this course."
  },
  {
    "code": "DENM*4080",
    "prerequisites": "DENM*3200 - Must be completed prior to taking this course."
  },
  {
    "code": "ACCT*4340",
    "prerequisites": "15.00 credits including ACCT*3340 - Must be completed prior to taking this course."
  },
  {
    "code": "MGMT*3030",
    "prerequisites": "12.50 credits. - Must be completed prior to taking this course."
  },
  {
    "code": "GEOG*3430",
    "prerequisites": "GEOG*2420 or GEOG*2480 - Must be completed prior to taking this course."
  },
  {
    "code": "DTM*2000",
    "prerequisites": "DTM*1100, DTM*1300 - Must be completed prior to taking this course."
  },
  {
    "code": "ECS*2010",
    "prerequisites": "ECS*1010, ECS*1030, (AHSS*2040 or ECS*1050) - Must be completed prior to taking this course."
  },
  {
    "code": "ONEH*6100",
    "prerequisites": "ONEH*6000 - Must be completed prior to taking this course."
  },
  {
    "code": "GEOG*2030",
    "prerequisites": "4.00 credits, GEOG*1220 is recommended - Must be completed prior to taking this course."
  },
  {
    "code": "FRHD*4250",
    "prerequisites": "13.00 credits including (1 of BIOM*2000, BIOM*3200, FRHD*2060) - Must be completed prior to taking this course."
  },
  {
    "code": "THST*3000",
    "prerequisites": "7.50 credits, including THST*2050, THST*2190 - Must be completed prior to taking this course."
  },
  {
    "code": "IES*1020",
    "prerequisites": "IES*1010 - Must be completed prior to taking this course."
  },
  {
    "code": "FREN*4020",
    "prerequisites": "1.00 credits at the 3000-level in French. - Must be completed prior to taking this course."
  },
  {
    "code": "ECON*3500",
    "prerequisites": "ECON*2310 - Must be completed prior to taking this course."
  },
  {
    "code": "IBIO*3100",
    "prerequisites": "12.00 credits - Must be completed prior to taking this course."
  },
  {
    "code": "UNIV*2020",
    "prerequisites": "2.00 credits - Must be completed prior to taking this course."
  },
  {
    "code": "JUST*4020",
    "prerequisites": "10.00 credits including: AHSS*1140 - Must be completed prior to taking this course."
  },
  {
    "code": "ZOO*3000",
    "prerequisites": "ZOO*2090 - Must be completed prior to taking this course."
  },
  {
    "code": "MGMT*4050",
    "prerequisites": "10.00 credits including (1 of MCS*1000, MGMT*1000, MGMT*2150) - Must be completed prior to taking this course."
  },
  {
    "code": "FRHD*3290",
    "prerequisites": "FRHD*2350 or FRHD*2400 - Must be completed prior to taking this course."
  },
  {
    "code": "LARC*4620",
    "prerequisites": "LARC*3060, LARC*3440, LARC*4610 - Must be completed prior to taking this course."
  },
  {
    "code": "BIOL*3060",
    "prerequisites": "10.00 credits including BIOL*2060, (1 of GEOG*2460, STAT*2040, STAT*2060, STAT*2230) - Must be completed prior to taking this course."
  },
  {
    "code": "ARAB*1110",
    "prerequisites": "ARAB*1100 - Must be completed prior to taking this course."
  },
  {
    "code": "CPHH*2000",
    "prerequisites": "CPHH*1000 - Must be completed prior to taking this course."
  },
  {
    "code": "NANO*4200",
    "prerequisites": "NANO*3300, NANO*3500, (CHEM*3860 or PHYS*3230) - Must be completed prior to taking this course."
  },
  {
    "code": "REAL*4870",
    "prerequisites": "14.00 credits - Must be completed prior to taking this course."
  },
  {
    "code": "BIOL*4700",
    "prerequisites": "BIOL*2060 - Must be completed prior to taking this course."
  },
  {
    "code": "COOP*4040",
    "prerequisites": "Completion of previous co-op work requirements in COOP*3030 - Must be completed prior to taking this course."
  },
  {
    "code": "ANSC*4270",
    "prerequisites": "ANSC*3120 - Must be completed prior to taking this course."
  },
  {
    "code": "XSEN*3210",
    "prerequisites": "CHEM*2700 - Must be completed prior to taking this course."
  },
  {
    "code": "FOOD*3030",
    "prerequisites": "BIOC*2580 - Must be completed prior to taking this course."
  },
  {
    "code": "CLIN*6460",
    "prerequisites": "CLIN*6420 and CLIN*6440 - Must be completed prior to taking this course."
  },
  {
    "code": "PABI*6060",
    "prerequisites": "PABI*6050 - Must be completed prior to taking this course."
  },
  {
    "code": "SCMA*3010",
    "prerequisites": "7.50 credits, SCMA*1000 - Must be completed prior to taking this course."
  },
  {
    "code": "ACCT*2230",
    "prerequisites": "ACCT*1220 - Must be completed prior to taking this course."
  },
  {
    "code": "HHNS*6930",
    "prerequisites": "HHNS*6910 or HHNS*6920 - Must be completed prior to taking this course."
  },
  {
    "code": "BIOM*4150",
    "prerequisites": "MBG*2040, MCB*2050, (1 of BIOM*3040, BIOM*4070, ZOO*3000) - Must be completed prior to taking this course."
  },
  {
    "code": "HROB*2290",
    "prerequisites": "1 of BUS*2090, BUS*2220, HROB*2090 - Must be completed prior to taking this course."
  },
  {
    "code": "FIN*3500",
    "prerequisites": "ECON*2410, (ECON*2560 or FIN*2000) - Must be completed prior to taking this course."
  },
  {
    "code": "CLAS*3090",
    "prerequisites": "GREK*2020 - Must be completed prior to taking this course."
  },
  {
    "code": "ANSC*4260",
    "prerequisites": "ANSC*3120 - Must be completed prior to taking this course."
  },
  {
    "code": "DVT*2310",
    "prerequisites": "DVT*2100 - Must be completed prior to taking this course."
  },
  {
    "code": "MBG*3060",
    "prerequisites": "MBG*2400, 0.50 credits in statistics. - Must be completed prior to taking this course."
  },
  {
    "code": "HTM*3780",
    "prerequisites": "1 of FOOD*2010, HTM*1700, HTM*2700 - Must be completed prior to taking this course."
  },
  {
    "code": "LARC*3050",
    "prerequisites": "LARC*3040 - Must be completed prior to taking this course."
  },
  {
    "code": "ANTH*3650",
    "prerequisites": "(1 of ANTH*2160, ANTH*2180, IDEV*2200, IES*2010), (1 of ANTH*2230, ANTH*2660, HIST*2090, IDEV*2000, IDEV*2400) - Must be completed prior to taking this course."
  },
  {
    "code": "AHSS*1010",
    "prerequisites": "AHSS*1000 - Must be completed prior to taking this course."
  },
  {
    "code": "LEAD*6740",
    "prerequisites": "LEAD*6800 - Must be completed prior to taking this course."
  },
  {
    "code": "STAT*4050",
    "prerequisites": "STAT*3110, STAT*3240 - Must be completed prior to taking this course."
  },
  {
    "code": "MATH*4150",
    "prerequisites": "MATH*3200 - Must be completed prior to taking this course."
  },
  {
    "code": "ENVS*3000",
    "prerequisites": "BIOL*2060 - Must be completed prior to taking this course."
  },
  {
    "code": "MDST*3000",
    "prerequisites": "MDST*2000, MDST*2030, MDST*3330 - Must be completed prior to taking this course."
  },
  {
    "code": "DHRT*2090",
    "prerequisites": "DHRT*2250 - Must be completed prior to taking this course."
  },
  {
    "code": "IES*3020",
    "prerequisites": "ANTH*2660 or HIST*2090 - Must be completed prior to taking this course."
  },
  {
    "code": "SOAN*2111",
    "prerequisites": "1 of ANTH*1150, SOC*1100, SOC*1500 - Must be completed prior to taking this course."
  },
  {
    "code": "ZOO*4940",
    "prerequisites": "15.00 credits including ZOO*2090 - Must be completed prior to taking this course."
  },
  {
    "code": "PSYC*2220",
    "prerequisites": "PSYC*2200 - Must be completed prior to taking this course."
  },
  {
    "code": "ANTH*3550",
    "prerequisites": "SOAN*2120, (1 of ANTH*2160, ANTH*2180, ANTH*2230, ANTH*2660) - Must be completed prior to taking this course."
  },
  {
    "code": "ENVS*3090",
    "prerequisites": "BIOL*1040 or (2 of BIOL*1050, BIOL*1070, BIOL*1080, BIOL*1090) - Must be completed prior to taking this course."
  },
  {
    "code": "STAT*4000",
    "prerequisites": "STAT*2050, STAT*3110 - Must be completed prior to taking this course."
  },
  {
    "code": "SART*2710",
    "prerequisites": "SART*2700 - Must be completed prior to taking this course."
  },
  {
    "code": "SXGN*3000",
    "prerequisites": "SXGN*2000, SXGN*2010 - Must be completed prior to taking this course."
  },
  {
    "code": "ANSC*4350",
    "prerequisites": "14.00 credits including ANSC*3080 - Must be completed prior to taking this course."
  },
  {
    "code": "CIS*3130",
    "prerequisites": "CIS*2500, STAT*2040 - Must be completed prior to taking this course."
  },
  {
    "code": "JUST*3060",
    "prerequisites": "5.00 credits including JUST*1020 - Must be completed prior to taking this course."
  },
  {
    "code": "MGMT*1100",
    "prerequisites": "4.00 credits - Must be completed prior to taking this course."
  },
  {
    "code": "TOX*4100",
    "prerequisites": "PATH*3610 (or equivalent) - Must be completed prior to taking this course."
  },
  {
    "code": "PBIO*3750",
    "prerequisites": "AGR*2470 or BOT*2100 - Must be completed prior to taking this course."
  },
  {
    "code": "MICR*4330",
    "prerequisites": "MICR*3330, (MICR*2430 is recommended) - Must be completed prior to taking this course."
  },
  {
    "code": "DHRT*4290",
    "prerequisites": "DHRT*3180 - Must be completed prior to taking this course."
  },
  {
    "code": "BIOM*4521",
    "prerequisites": "14.00 credits - Must be completed prior to taking this course."
  },
  {
    "code": "HIST*2510",
    "prerequisites": "2.00 credits - Must be completed prior to taking this course."
  },
  {
    "code": "ANSC*4050",
    "prerequisites": "MBG*2040 or MBG*2400 - Must be completed prior to taking this course."
  },
  {
    "code": "SPAN*2040",
    "prerequisites": "HISP*1110 or SPAN*1110 - Must be completed prior to taking this course."
  },
  {
    "code": "FRHD*4210",
    "prerequisites": "FRHD*3200 - Must be completed prior to taking this course."
  },
  {
    "code": "VETM*3400",
    "prerequisites": "All Phase 1 courses - Must be taken either prior to or at the same time as this course."
  },
  {
    "code": "PHYS*1080",
    "prerequisites": "(1 of 4U Physics, PHYS*1020, PHYS*1300 ), 4U Mathematics - Must be completed prior to taking this course."
  },
  {
    "code": "PHYS*3130",
    "prerequisites": "(1 of MATH*1160, MATH*2150, MATH*2160), MATH*2200, MATH*2270, PHYS*2310, PHYS*2340 - Must be completed prior to taking this course."
  },
  {
    "code": "DTM*3000",
    "prerequisites": "DTM*2000, DTM*2100 - Must be completed prior to taking this course."
  },
  {
    "code": "ANSC*2210",
    "prerequisites": "1 of AGR*1350, AGR*2350, EQN*1010 - Must be completed prior to taking this course."
  },
  {
    "code": "FARE*2410",
    "prerequisites": "FARE*1040 or FARE*1400 - Must be completed prior to taking this course."
  },
  {
    "code": "PHIL*2100",
    "prerequisites": "2.00 credits or (1 of PHIL*1000, PHIL*1010, PHIL*1050) - Must be completed prior to taking this course."
  },
  {
    "code": "CSS*3100",
    "prerequisites": "7.50 credits - Must be completed prior to taking this course."
  },
  {
    "code": "NUTR*3360",
    "prerequisites": "BIOC*2580, BIOL*1080, MBG*2040 - Must be completed prior to taking this course."
  },
  {
    "code": "SOC*2070",
    "prerequisites": "SOC*1100 or SOC*1500 - Must be completed prior to taking this course."
  },
  {
    "code": "DHRT*4000",
    "prerequisites": "DAGR*1200, DHRT*1050 - Must be completed prior to taking this course."
  },
  {
    "code": "SPAN*3220",
    "prerequisites": "HISP*2990 or SPAN*2990 - Must be completed prior to taking this course."
  },
  {
    "code": "SOAN*4230",
    "prerequisites": "12.50 credits including SOAN*3240, (1 of GEOG*2260, GEOG*3090, IDEV*2100, POLS*2650, SOAN*2120) - Must be completed prior to taking this course."
  },
  {
    "code": "STAT*3510",
    "prerequisites": "STAT*2050 - Must be completed prior to taking this course."
  },
  {
    "code": "DTM*2600",
    "prerequisites": "DTM*1000, DTM*1300 - Must be completed prior to taking this course."
  },
  {
    "code": "CLAS*2220",
    "prerequisites": "2.00 credits - Must be completed prior to taking this course."
  },
  {
    "code": "FRHD*2400",
    "prerequisites": "4.00 credits including (1 of FRHD*1010, FRHD*2060, FRHD*2270, FRHD*2280, PSYC*2450) - Must be completed prior to taking this course."
  },
  {
    "code": "BADM*3040",
    "prerequisites": "10.00 credits including: AHSS*1000, AHSS*1010, BADM*3160 - Must be completed prior to taking this course."
  },
  {
    "code": "DHRT*3510",
    "prerequisites": "4.00 credits - Must be completed prior to taking this course."
  },
  {
    "code": "AHSS*1200",
    "prerequisites": "6.00 credits - Must be completed prior to taking this course."
  },
  {
    "code": "ANTH*2180",
    "prerequisites": "1 of ANTH*1150, IDEV*1000, SOC*1100 - Must be completed prior to taking this course."
  },
  {
    "code": "FIN*2900",
    "prerequisites": "8.00 credits - Must be completed prior to taking this course."
  },
  {
    "code": "SOC*2900",
    "prerequisites": "4.00 credits - Must be completed prior to taking this course."
  },
  {
    "code": "ENGL*2080",
    "prerequisites": "ENGL*1080 - Must be completed prior to taking this course."
  },
  {
    "code": "FRAN*6730",
    "prerequisites": "FRAN*6720 - Must be completed prior to taking this course."
  },
  {
    "code": "IDEV*2000",
    "prerequisites": "2.00 credits - Must be completed prior to taking this course."
  },
  {
    "code": "SPAN*2010",
    "prerequisites": "SPAN*2000 - Must be completed prior to taking this course."
  },
  {
    "code": "GEOG*3480",
    "prerequisites": "10.00 credits, including GEOG*2480 - Must be completed prior to taking this course."
  },
  {
    "code": "MUSC*1920",
    "prerequisites": "MUSC*1910 - Must be completed prior to taking this course."
  },
  {
    "code": "HORT*3430",
    "prerequisites": "AGR*2470 or BOT*2100 - Must be completed prior to taking this course."
  },
  {
    "code": "SPAN*3240",
    "prerequisites": "HISP*1110 or SPAN*1110 - Must be completed prior to taking this course."
  },
  {
    "code": "XSEN*3070",
    "prerequisites": "CHEM*3750 - Must be completed prior to taking this course."
  },
  {
    "code": "DAGR*3040",
    "prerequisites": "DAGR*2000 - Must be completed prior to taking this course."
  },
  {
    "code": "SPAN*4410",
    "prerequisites": "HISP*2990 or SPAN*2990 - Must be completed prior to taking this course."
  },
  {
    "code": "CTS*4000",
    "prerequisites": "10.00 credits or 1.50 credits in CTS - Must be completed prior to taking this course."
  },
  {
    "code": "HIST*2850",
    "prerequisites": "2.00 credits - Must be completed prior to taking this course."
  },
  {
    "code": "HK*2500",
    "prerequisites": "5.00 credits including BIOL*1080 - Must be completed prior to taking this course."
  },
  {
    "code": "REAL*3870",
    "prerequisites": "10.00 credits including REAL*1820 - Must be completed prior to taking this course."
  },
  {
    "code": "MCB*3010",
    "prerequisites": "MCB*2050 - Must be completed prior to taking this course."
  },
  {
    "code": "ENGL*2280",
    "prerequisites": "2.00 credits - Must be completed prior to taking this course."
  },
  {
    "code": "CHEM*1150",
    "prerequisites": "CHEM*1040 or CHEM*1140 - Must be completed prior to taking this course."
  },
  {
    "code": "ACCT*6700",
    "prerequisites": "ACCT*6100, ACCT*6200 - Must be completed prior to taking this course."
  },
  {
    "code": "MDST*2110",
    "prerequisites": "(AHSS*1210 or MDST*1040), (MDST*1050 or MDST*2080), [(MDST*1100, MDST*1200) or MDST*1080] - Must be completed prior to taking this course."
  },
  {
    "code": "MBG*4030",
    "prerequisites": "MBG*3060 - Must be completed prior to taking this course."
  },
  {
    "code": "CLAS*3120",
    "prerequisites": "LAT*2000 - Must be completed prior to taking this course."
  },
  {
    "code": "HIST*2100",
    "prerequisites": "2.00 credits - Must be completed prior to taking this course."
  },
  {
    "code": "PHYS*3080",
    "prerequisites": "IPS*1500 or [ PHYS*1080, (1 of MATH*1000, MATH*1080, MATH*1200)], (1 of IPS*1510, PHYS*1010, PHYS*1070, PHYS*1130) - Must be completed prior to taking this course."
  },
  {
    "code": "FREN*3520",
    "prerequisites": "FREN*2020, FREN*2060, FREN*2520 - Must be completed prior to taking this course."
  },
  {
    "code": "THST*3010",
    "prerequisites": "7.50 credits, including THST*2050, THST*2190 - Must be completed prior to taking this course."
  },
  {
    "code": "FRAN*6720",
    "prerequisites": "FRAN*6710 - Minimum grade 065. - Must be completed prior to taking this course."
  },
  {
    "code": "ECS*2000",
    "prerequisites": "ECS*1010, (AHSS*2040 or ECS*1050) - Must be completed prior to taking this course."
  },
  {
    "code": "MICR*3090",
    "prerequisites": "BOT*2100 or MICR*2430 - Must be completed prior to taking this course."
  },
  {
    "code": "ANTH*4300",
    "prerequisites": "12.50 credits including ANTH*3690, SOAN*3070 - Must be completed prior to taking this course."
  },
  {
    "code": "HORT*3270",
    "prerequisites": "1 of BIOL*1050, BIOL*1070, BIOL*1080, BIOL*1090 - Must be completed prior to taking this course."
  },
  {
    "code": "STAT*3320",
    "prerequisites": "(1 of IPS*1510, MATH*1090, MATH*1210, MATH*2080), (1 of STAT*2050, STAT*3240, STAT*3100) - Must be completed prior to taking this course."
  },
  {
    "code": "MBG*3050",
    "prerequisites": "MCB*2050 - Must be completed prior to taking this course."
  },
  {
    "code": "DEQN*3210",
    "prerequisites": "DEQN*1020 - Must be completed prior to taking this course."
  },
  {
    "code": "CSS*2070",
    "prerequisites": "3.00 credits including (CSS*1020 or FCSS*1020) - Must be completed prior to taking this course."
  },
  {
    "code": "MICR*3230",
    "prerequisites": "BIOL*1090, BIOC*2580 - Must be completed prior to taking this course."
  },
  {
    "code": "HTM*4190",
    "prerequisites": "14.00 credits including ACCT*2230, HTM*3080 - Must be completed prior to taking this course."
  },
  {
    "code": "NUTR*4210",
    "prerequisites": "NUTR*3210, (1 of BIOM*3200, HK*3810) - Must be completed prior to taking this course."
  },
  {
    "code": "CIS*3700",
    "prerequisites": "(CIS*3750 or CIS*3760), (CIS*2460 or STAT*2040) - Must be completed prior to taking this course."
  },
  {
    "code": "SOAN*4260",
    "prerequisites": "12.50 credits including (1 of IDEV*2100, GEOG*2260, POLS*2650, SOAN*2120), (1 of ANTH*2160, ANTH*2180, IDEV*2000, IDEV*2300, SOAN*2112, SOC*2080) - Must be completed prior to taking this course."
  },
  {
    "code": "ANTH*4540",
    "prerequisites": "12.50 credits including (ANTH*3690 or SOC*3310), SOAN*3070 - Must be completed prior to taking this course."
  },
  {
    "code": "REAL*4830",
    "prerequisites": "15.00 credits including REAL*3810, REAL*4820 - Must be completed prior to taking this course."
  },
  {
    "code": "HTM*3080",
    "prerequisites": "9.00 credits including MCS*1000, (HTM*2010 or MCS*2000) - Must be completed prior to taking this course."
  },
  {
    "code": "ECON*3620",
    "prerequisites": "ECON*2310 - Must be completed prior to taking this course."
  },
  {
    "code": "HK*4240",
    "prerequisites": "ENGG*1210 or HK*3600 - Must be completed prior to taking this course."
  },
  {
    "code": "GEOG*3600",
    "prerequisites": "7.50 credits - Must be completed prior to taking this course."
  },
  {
    "code": "NUTR*4850",
    "prerequisites": "FRHD*3400, NUTR*3090, NUTR*4070 - Must be completed prior to taking this course."
  },
  {
    "code": "REAL*3880",
    "prerequisites": "10.00 credits including REAL*1820 - Must be completed prior to taking this course."
  },
  {
    "code": "KIN*1230",
    "prerequisites": "AHSS*1310 - Must be completed prior to taking this course."
  },
  {
    "code": "FIN*3000",
    "prerequisites": "ECON*2310, (ECON*2560 or FIN*2000) - Must be completed prior to taking this course."
  },
  {
    "code": "ECON*3100",
    "prerequisites": "ECON*2310, ECON*2410, (ECON*2770 or MATH*1210) - Must be completed prior to taking this course."
  },
  {
    "code": "SCMA*2110",
    "prerequisites": "0.50 credits - Must be completed prior to taking this course."
  },
  {
    "code": "CHEM*4740",
    "prerequisites": "BIOC*2580, CHEM*3750 - Must be completed prior to taking this course."
  },
  {
    "code": "PHYS*1130",
    "prerequisites": "(4U Calculus and Vectors or equivalent), (4U Physics or equivalent) - Must be completed prior to taking this course."
  },
  {
    "code": "MATH*1210",
    "prerequisites": "MATH*1080 or MATH*1200 - Must be completed prior to taking this course."
  },
  {
    "code": "LING*3020",
    "prerequisites": "LING*1000 - Must be completed prior to taking this course."
  },
  {
    "code": "POPM*4040",
    "prerequisites": "1 of FOOD*3230, POPM*3240 - Must be completed prior to taking this course."
  },
  {
    "code": "LING*3010",
    "prerequisites": "LING*1000 - Must be completed prior to taking this course."
  },
  {
    "code": "MATH*3240",
    "prerequisites": "MATH*1160, 0.50 credits in statistics - Must be completed prior to taking this course."
  },
  {
    "code": "SOAN*3070",
    "prerequisites": "ONEH*2000 or SOAN*2120 - Must be completed prior to taking this course."
  },
  {
    "code": "ENVS*2270",
    "prerequisites": "Minimum of 4.00 credits - Must be completed prior to taking this course."
  },
  {
    "code": "MUSC*1720",
    "prerequisites": "MUSC*1710 - Must be completed prior to taking this course."
  },
  {
    "code": "BOT*2000",
    "prerequisites": "BIOL*1050 or BIOL*1070 - Must be completed prior to taking this course."
  },
  {
    "code": "ASCI*4020",
    "prerequisites": "12.00 credits including 0.50 of ASCI at the 3000 level - Must be completed prior to taking this course."
  },
  {
    "code": "MDST*3110",
    "prerequisites": "MDST*2210, MDST*2510 - Must be completed prior to taking this course."
  },
  {
    "code": "PBIO*4750",
    "prerequisites": "(AGR*2470 or BOT*2100), (MBG*2040 or MBG*2400) - Must be completed prior to taking this course."
  },
  {
    "code": "IPS*1510",
    "prerequisites": "IPS*1500 - Must be completed prior to taking this course."
  },
  {
    "code": "HTM*2030",
    "prerequisites": "4.00 credits - Must be completed prior to taking this course."
  },
  {
    "code": "JUST*3040",
    "prerequisites": "5.00 credits including AHSS*1160 - Must be completed prior to taking this course."
  },
  {
    "code": "SPMT*4020",
    "prerequisites": "14.00 credits, including SPMT*3220, (HTM*3020 or SPMT*3020) - Must be completed prior to taking this course."
  },
  {
    "code": "PHYS*3230",
    "prerequisites": "MATH*2270, PHYS*2330 - Must be completed prior to taking this course."
  },
  {
    "code": "MDST*3020",
    "prerequisites": "MDST*2000, MDST*2030, MDST*3180 - Must be completed prior to taking this course."
  },
  {
    "code": "LARC*2240",
    "prerequisites": "LARC*2230 - Must be completed prior to taking this course."
  },
  {
    "code": "AGR*6020",
    "prerequisites": "AGR*6010 - Must be taken either prior to or at the same time as this course."
  },
  {
    "code": "POLS*3210",
    "prerequisites": "HIST*2600 or POLS*2300 - Must be completed prior to taking this course."
  },
  {
    "code": "ENVS*3140",
    "prerequisites": "HORT*2450 - Must be completed prior to taking this course."
  },
  {
    "code": "THST*2190",
    "prerequisites": "THST*1190 - Must be completed prior to taking this course."
  },
  {
    "code": "ECON*2100",
    "prerequisites": "ECON*1050 or FARE*1040 - Must be completed prior to taking this course."
  },
  {
    "code": "IAEF*3510",
    "prerequisites": "9.00 credits - Must be completed prior to taking this course."
  },
  {
    "code": "ENGG*2180",
    "prerequisites": "ENGG*2160 - Must be completed prior to taking this course."
  },
  {
    "code": "DHRT*2000",
    "prerequisites": "DHRT*2230 - Must be completed prior to taking this course."
  },
  {
    "code": "GEOG*3420",
    "prerequisites": "10.00 credits including GEOG*2420 - Must be completed prior to taking this course."
  },
  {
    "code": "ENVS*2250",
    "prerequisites": "1 of ENVS*1050, ENVS*1060, GEOL*1050, GEOL*1100, GEOG*1300, GEOG*1350 - Must be completed prior to taking this course."
  },
  {
    "code": "DVT*2220",
    "prerequisites": "DVT*1010, DVT*2070, DVT*2100 - Must be completed prior to taking this course."
  },
  {
    "code": "PATH*3040",
    "prerequisites": "10.00 credits including at least 1.50 credits in biology. - Must be completed prior to taking this course."
  },
  {
    "code": "CHEM*2700",
    "prerequisites": "CHEM*1050 - Must be completed prior to taking this course."
  },
  {
    "code": "MATH*4270",
    "prerequisites": "MATH*2200, MATH*3100 - Must be completed prior to taking this course."
  },
  {
    "code": "MCS*3620",
    "prerequisites": "10.00 credits including MCS*1000, MCS*2600 - Must be completed prior to taking this course."
  },
  {
    "code": "ANSC*4470",
    "prerequisites": "NUTR*3210 - Must be completed prior to taking this course."
  },
  {
    "code": "JUST*2050",
    "prerequisites": "JUST*1030 - Must be completed prior to taking this course."
  },
  {
    "code": "SART*3480",
    "prerequisites": "SART*2710 - Must be completed prior to taking this course."
  },
  {
    "code": "HK*3501",
    "prerequisites": "HK*3810 OR BIOM*3200 - Must be taken either prior to or at the same time as this course."
  },
  {
    "code": "FOOD*2410",
    "prerequisites": "CHEM*1040, (1 of BIOL*1070, BIOL*1080, MICR*2420) - Must be completed prior to taking this course."
  },
  {
    "code": "NUTR*4810",
    "prerequisites": "FRHD*3070, NUTR*2050, NUTR*3090 - Must be completed prior to taking this course."
  },
  {
    "code": "FRHD*3400",
    "prerequisites": "4.00 credits including (1 OF ANTH*1150, FRHD*1010, FRHD*1020, FRHD*1100, PSYC*1000, SOC*1100) - Must be completed prior to taking this course."
  },
  {
    "code": "MATH*4440",
    "prerequisites": "At least 3.0 mathematics and/or statistics credits at the 3000 level or above. - Must be completed prior to taking this course."
  },
  {
    "code": "ASCI*3000",
    "prerequisites": "ASCI*2050 - Must be completed prior to taking this course."
  },
  {
    "code": "AGR*2320",
    "prerequisites": "2.50 credits - Must be completed prior to taking this course."
  },
  {
    "code": "MDST*1300",
    "prerequisites": "2.00 credits - Must be completed prior to taking this course."
  },
  {
    "code": "HIST*2070",
    "prerequisites": "2.00 credits - Must be completed prior to taking this course."
  },
  {
    "code": "FREN*4010",
    "prerequisites": "1.00 credits at the 3000-level in French. - Must be completed prior to taking this course."
  },
  {
    "code": "FINA*6640",
    "prerequisites": "FINA*6545 - Must be completed prior to taking this course."
  },
  {
    "code": "ZOO*3610",
    "prerequisites": "STAT*2040 or STAT*2230 - Must be completed prior to taking this course."
  },
  {
    "code": "CLIN*6440",
    "prerequisites": "CLIN*6420 - Must be completed prior to taking this course."
  },
  {
    "code": "CHEM*4720",
    "prerequisites": "CHEM*3750 - Must be completed prior to taking this course."
  },
  {
    "code": "KIN*1040",
    "prerequisites": "KIN*1030 - Must be completed prior to taking this course."
  },
  {
    "code": "IPS*3000",
    "prerequisites": "2.00 credits in PHYS at the 2000 level or higher - Must be completed prior to taking this course."
  },
  {
    "code": "PSYC*2120",
    "prerequisites": "PSYC*1110 or (AHSS*1110, AHSS*1120) - Must be completed prior to taking this course."
  },
  {
    "code": "SART*2300",
    "prerequisites": "SART*1050, SART*1060, (1 of ARTH*1220, ARTH*1510, ARTH*1520, ARTH*2220) - Must be completed prior to taking this course."
  },
  {
    "code": "DENM*4210",
    "prerequisites": "Minimum of 8.0 credits - Must be completed prior to taking this course."
  },
  {
    "code": "DHRT*4320",
    "prerequisites": "DAGR*1200, (DAGR*1300 or DHRT*2230) - Must be completed prior to taking this course."
  },
  {
    "code": "ANTH*4900",
    "prerequisites": "15.00 credits including ANTH*3690, (SOAN*3070 or SOAN*3120) - Must be completed prior to taking this course."
  },
  {
    "code": "SPAN*3810",
    "prerequisites": "1.00 credits from the following: (HISP*3220 or SPAN*3220), (HISP*3230 or SPAN*3230), SPAN*3080 - Must be completed prior to taking this course."
  },
  {
    "code": "CHEM*4020",
    "prerequisites": "CHEM*3430, CHEM*3750 - Must be completed prior to taking this course."
  },
  {
    "code": "THST*3340",
    "prerequisites": "2.50 credits in Theatre Studies - Must be completed prior to taking this course."
  },
  {
    "code": "SART*2090",
    "prerequisites": "SART*1050, SART*1060, (1 of ARTH*1220, ARTH*1510, ARTH*1520) - Must be completed prior to taking this course."
  },
  {
    "code": "ITAL*1070",
    "prerequisites": "ITAL*1060 - Must be completed prior to taking this course."
  },
  {
    "code": "VETM*4710",
    "prerequisites": "All Phase 3 courses - Must be completed prior to taking this course."
  },
  {
    "code": "CLAS*4010",
    "prerequisites": "LAT*2000 - Must be completed prior to taking this course."
  },
  {
    "code": "DENM*4120",
    "prerequisites": "DENM*3120 - Must be completed prior to taking this course."
  },
  {
    "code": "PSYC*2180",
    "prerequisites": "4.00 credits - Must be completed prior to taking this course."
  },
  {
    "code": "ACCT*3340",
    "prerequisites": "ACCT*3330 - Must be completed prior to taking this course."
  },
  {
    "code": "BIOL*2400",
    "prerequisites": "BIOL*1090, (BIOL*1050 or BIOL*1070) - Must be completed prior to taking this course."
  },
  {
    "code": "PHIL*3100",
    "prerequisites": "1.50 credits in Philosophy or 7.50 credits - Must be completed prior to taking this course."
  },
  {
    "code": "SPMT*2220",
    "prerequisites": "MCS*1000, (HTM*2020 or SPMT*2020) - Must be completed prior to taking this course."
  },
  {
    "code": "FOOD*4230",
    "prerequisites": "FOOD*4220 - Must be completed prior to taking this course."
  },
  {
    "code": "NUTR*3390",
    "prerequisites": "NUTR*3210 - Must be completed prior to taking this course."
  },
  {
    "code": "STAT*4340",
    "prerequisites": "STAT*3110, STAT*3240 - Must be completed prior to taking this course."
  },
  {
    "code": "ECON*2310",
    "prerequisites": "(ECON*1050 or FARE*1040), (1 of IPS*1500, MATH*1030, MATH*1080, MATH*1200) - Must be completed prior to taking this course."
  },
  {
    "code": "IDEV*3500",
    "prerequisites": "7.50 credits - Must be completed prior to taking this course."
  },
  {
    "code": "MCS*2100",
    "prerequisites": "5.00 credits - Must be completed prior to taking this course."
  },
  {
    "code": "MCB*4600",
    "prerequisites": "MBG*3350 or equivalent laboratory experience at the discretion of the student's faculty advisor. Normally, students must have a minimum of 3.00 credits in 3000 or 4000 level BIOC, MBG, MCB OR MICR courses - Must be completed prior to taking this course."
  },
  {
    "code": "ECS*1070",
    "prerequisites": "ECS*1010 - Must be completed prior to taking this course."
  },
  {
    "code": "MDST*2000",
    "prerequisites": "9.00 credits including (MDST*1050 or MDST*2080), (MDST*1080 or MDST*1100) - Must be completed prior to taking this course."
  },
  {
    "code": "FARE*4360",
    "prerequisites": "1 of ECON*2740, PSYC*1010, STAT*2040, STAT*2050, STAT*2060, STAT*2080 - Must be completed prior to taking this course."
  },
  {
    "code": "ANSC*4650",
    "prerequisites": "ANSC*3080 - Must be completed prior to taking this course."
  },
  {
    "code": "DHRT*3270",
    "prerequisites": "5.00 credits - Must be completed prior to taking this course."
  },
  {
    "code": "CHEM*3650",
    "prerequisites": "CHEM*3640 - Must be completed prior to taking this course."
  },
  {
    "code": "MUSC*2430",
    "prerequisites": "MUSC*1170 - Must be completed prior to taking this course."
  },
  {
    "code": "LARC*2020",
    "prerequisites": "LARC*1100 - Must be completed prior to taking this course."
  },
  {
    "code": "PHIL*2140",
    "prerequisites": "2.00 credits or (1 of PHIL*1000, PHIL*1010, PHIL*1030, PHIL*1050) - Must be completed prior to taking this course."
  },
  {
    "code": "FOOD*3240",
    "prerequisites": "MICR*2420 - Must be completed prior to taking this course."
  },
  {
    "code": "MUSC*2140",
    "prerequisites": "2.00 credits - Must be completed prior to taking this course."
  },
  {
    "code": "COOP*1010",
    "prerequisites": "COOP*1110 - Must be completed prior to taking this course."
  },
  {
    "code": "PHYS*3510",
    "prerequisites": "PHYS*2180 or (NANO*2100, PHYS*2310) - Must be completed prior to taking this course."
  },
  {
    "code": "THST*3600",
    "prerequisites": "3.00 credits in Theatre Studies including THST*3140 - Must be completed prior to taking this course."
  },
  {
    "code": "ANSC*4230",
    "prerequisites": "ANSC*3080, ANSC*3120, MBG*3060 - Must be completed prior to taking this course."
  },
  {
    "code": "FARE*3310",
    "prerequisites": "(ACCT*1220 or ACCT*2220), (1 of ECON*2740, PSYC*1010, STAT*2040, STAT*2060, STAT*2080, STAT*2120) - Must be completed prior to taking this course."
  },
  {
    "code": "SART*3800",
    "prerequisites": "3.00 credits in Studio Art - Must be completed prior to taking this course."
  },
  {
    "code": "FRHD*4200",
    "prerequisites": "13.00 credits including FRHD*2100 - Must be completed prior to taking this course."
  },
  {
    "code": "PABI*6090",
    "prerequisites": "PABI*6080 - Must be completed prior to taking this course."
  },
  {
    "code": "MGMT*2260",
    "prerequisites": "MGMT*1000 or MGMT*2150 - Must be completed prior to taking this course."
  },
  {
    "code": "DAGR*2210",
    "prerequisites": "DAGR*1200 - Must be completed prior to taking this course."
  },
  {
    "code": "BADM*2020",
    "prerequisites": "BADM*1040 or MDST*1200 - Must be completed prior to taking this course."
  },
  {
    "code": "ACCT*3280",
    "prerequisites": "ACCT*3330 - Must be completed prior to taking this course."
  },
  {
    "code": "MUSC*2570",
    "prerequisites": "MUSC*2510 on piano. - Must be completed prior to taking this course."
  },
  {
    "code": "ANSC*4280",
    "prerequisites": "ANSC*3120 - Must be completed prior to taking this course."
  },
  {
    "code": "NEUR*3100",
    "prerequisites": "MCB*2050, (1 of MBG*3040, NEUR*2000, PSYC*2410) - Must be completed prior to taking this course."
  },
  {
    "code": "CIS*3250",
    "prerequisites": "CIS*2250, CIS*2500 - Must be completed prior to taking this course."
  },
  {
    "code": "HROB*3030",
    "prerequisites": "9.00 credits including (1 of BUS*3000, HROB*2100, HROB*2290, HROB*3000, PSYC*3070) - Must be completed prior to taking this course."
  },
  {
    "code": "JUST*4060",
    "prerequisites": "AHSS*3060, JUST*2080 - Must be completed prior to taking this course."
  },
  {
    "code": "SPAN*3700",
    "prerequisites": "10.00 credits including 1.50 credits in Spanish. - Must be completed prior to taking this course."
  },
  {
    "code": "ITAL*3700",
    "prerequisites": "10.00 credits including 1.50 credits in Italian. - Must be completed prior to taking this course."
  },
  {
    "code": "NEUR*4450",
    "prerequisites": "14.00 credits - Must be completed prior to taking this course."
  },
  {
    "code": "ECON*4500",
    "prerequisites": "ECON*3740, (ECON*3710 or ECON*3500) - Must be completed prior to taking this course."
  },
  {
    "code": "PABI*6350",
    "prerequisites": "STAT*2040 - Must be completed prior to taking this course."
  },
  {
    "code": "JUST*3030",
    "prerequisites": "AHSS*1150, JUST*1010 - Must be completed prior to taking this course."
  },
  {
    "code": "ENGG*2230",
    "prerequisites": "ENGG*1210, MATH*1210 - Must be completed prior to taking this course."
  },
  {
    "code": "MCS*3030",
    "prerequisites": "1 of ECON*2740, MCS*2030, PSYC*1010, STAT*2060 - Must be completed prior to taking this course."
  },
  {
    "code": "NANO*3800",
    "prerequisites": "CHEM*2070 or PHYS*3230 - Must be completed prior to taking this course."
  },
  {
    "code": "ONEH*2000",
    "prerequisites": "ONEH*1000 - Must be completed prior to taking this course."
  },
  {
    "code": "ANSC*3050",
    "prerequisites": "AGR*2350 or ZOO*2090 - Must be completed prior to taking this course."
  },
  {
    "code": "ENGL*3220",
    "prerequisites": "7.50 credits including 0.50 credits in English (excluding ENGL*1030) - Must be completed prior to taking this course."
  },
  {
    "code": "PHIL*3170",
    "prerequisites": "1 of (1.50 credits in Philosophy, 7.50 credits, PHIL*2180) - Must be completed prior to taking this course."
  },
  {
    "code": "ECON*3710",
    "prerequisites": "ECON*2310, (ECON*2770 or MATH*1210). A grade average of 70% or more in these courses is recommended. - Must be completed prior to taking this course."
  },
  {
    "code": "FREN*2020",
    "prerequisites": "FREN*1300 or FREN*2030 - Must be completed prior to taking this course."
  },
  {
    "code": "ZOO*4300",
    "prerequisites": "BIOL*3450, ZOO*2700 - Must be completed prior to taking this course."
  },
  {
    "code": "THST*2120",
    "prerequisites": "THST*1040 - Must be completed prior to taking this course."
  },
  {
    "code": "CIS*3750",
    "prerequisites": "9.00 credits including CIS*2520, (CIS*2430 or ENGG*1420) - Must be completed prior to taking this course."
  },
  {
    "code": "MCS*3040",
    "prerequisites": "4.00 credits - Must be completed prior to taking this course."
  },
  {
    "code": "DAGR*3510",
    "prerequisites": "4.00 credits, registration in the Diploma Program in Agriculture - Must be completed prior to taking this course."
  },
  {
    "code": "FREN*4600",
    "prerequisites": "1.00 credits at the 3000-level in French. - Must be completed prior to taking this course."
  },
  {
    "code": "BADM*3150",
    "prerequisites": "BADM*2010, SCMA*1000 - Must be completed prior to taking this course."
  },
  {
    "code": "FRHD*3500",
    "prerequisites": "FRHD*3070, STAT*2090 - Must be completed prior to taking this course."
  },
  {
    "code": "MUSC*1170",
    "prerequisites": "MUSC*1160 or MUSC*1180 - Must be completed prior to taking this course."
  },
  {
    "code": "MICR*2420",
    "prerequisites": "4.00 credits including (1 of BIOL*1070, BIOL*1080, BIOL*1090, CHEM*1040) - Must be completed prior to taking this course."
  },
  {
    "code": "ENVS*2240",
    "prerequisites": "ENVS*1040 or GEOG*1300 - Must be completed prior to taking this course."
  },
  {
    "code": "KIN*1510",
    "prerequisites": "KIN*1010 - Must be completed prior to taking this course."
  },
  {
    "code": "MCS*4400",
    "prerequisites": "10.00 credits including (ECON*3740 or MCS*3030) - Must be completed prior to taking this course."
  },
  {
    "code": "ITAL*3800",
    "prerequisites": "10.00 credits including 1.50 credits in ITAL - Must be completed prior to taking this course."
  },
  {
    "code": "SOC*3130",
    "prerequisites": "SOAN*2112, SOAN*2120 - Must be completed prior to taking this course."
  },
  {
    "code": "PSYC*2310",
    "prerequisites": "PSYC*1000 - Must be completed prior to taking this course."
  },
  {
    "code": "IDEV*3200",
    "prerequisites": "10.00 credits - Must be completed prior to taking this course."
  },
  {
    "code": "BADM*2050",
    "prerequisites": "5.00 credits, including BADM*1100 - Must be completed prior to taking this course."
  },
  {
    "code": "PABI*6450",
    "prerequisites": "PABI*6430 - Must be completed prior to taking this course."
  },
  {
    "code": "SCMA*3100",
    "prerequisites": "KIN*1040, SCMA*2080 - Must be completed prior to taking this course."
  },
  {
    "code": "PABI*6040",
    "prerequisites": "PABI*6030 - Must be completed prior to taking this course."
  },
  {
    "code": "CHIN*2200",
    "prerequisites": "CHIN*1210 - Must be completed prior to taking this course."
  },
  {
    "code": "POPM*6590",
    "prerequisites": "POPM*6560 - Must be completed prior to taking this course."
  },
  {
    "code": "EURO*4740",
    "prerequisites": "10.00 credits including, (EURO*1100 or EURO*1200), EURO*2200, EURO*3000, EURO*3300 - Must be completed prior to taking this course."
  },
  {
    "code": "HORT*3010",
    "prerequisites": "1 of AGR*2470, LARC*2240, 0.50 credits in Botany (BOT) - Must be completed prior to taking this course."
  },
  {
    "code": "HHNS*3000",
    "prerequisites": "9.00 credits including (1 of BIOL*1080, CREA*1000, FRHD*1100, ONEH*1000) - Must be completed prior to taking this course."
  },
  {
    "code": "SPMT*3220",
    "prerequisites": "9.00 credits, (HTM*2020 or SPMT*2020) - Must be completed prior to taking this course."
  },
  {
    "code": "GREK*1110",
    "prerequisites": "GREK*1100 or 4U Greek - Must be completed prior to taking this course."
  },
  {
    "code": "BIOM*3200",
    "prerequisites": "BIOC*2580 - Must be completed prior to taking this course."
  },
  {
    "code": "AGR*2350",
    "prerequisites": "(2 of BIOL*1050, BIOL*1070, BIOL*1080, BIOL*1090) - Must be completed prior to taking this course."
  },
  {
    "code": "ANSC*4700",
    "prerequisites": "14.00 credits - Must be completed prior to taking this course."
  },
  {
    "code": "FCSS*4010",
    "prerequisites": "12.50 credits - Must be completed prior to taking this course."
  },
  {
    "code": "DAGR*2020",
    "prerequisites": "DAGR*1070 - Must be completed prior to taking this course."
  },
  {
    "code": "LARC*4610",
    "prerequisites": "LARC*3050 - Must be completed prior to taking this course."
  },
  {
    "code": "BIOL*4410",
    "prerequisites": "0.50 credits in Ecology - Must be completed prior to taking this course."
  },
  {
    "code": "ACCT*1240",
    "prerequisites": "ACCT*1220 or ACCT*2220 - Must be completed prior to taking this course."
  },
  {
    "code": "DVT*2100",
    "prerequisites": "DVT*1060 or DVT*2040 - Must be completed prior to taking this course."
  },
  {
    "code": "PHYS*2020",
    "prerequisites": "1.00 credits in physics (excluding PHYS*1020, PHYS*1600, PHYS*1810), (1 of IPS*1510, MATH*1090, MATH*1210) - Must be completed prior to taking this course."
  },
  {
    "code": "EURO*3300",
    "prerequisites": "7.50 credits - Must be completed prior to taking this course."
  },
  {
    "code": "SOC*3730",
    "prerequisites": "(SOAN*2112 or SOC*2700), SOAN*2120 - Must be completed prior to taking this course."
  },
  {
    "code": "GEOG*2000",
    "prerequisites": "1 of ENGG*1100, ENVS*1050, ENVS*1060, GEOG*1300, GEOG*1350, GEOL*1050, GEOL*1100 - Must be completed prior to taking this course."
  },
  {
    "code": "DTM*1500",
    "prerequisites": "DTM*1000 - Must be taken either prior to or at the same time as this course."
  },
  {
    "code": "ENVS*2080",
    "prerequisites": "BIOL*1070, BIOL*1090 - Must be completed prior to taking this course."
  },
  {
    "code": "FREN*3170",
    "prerequisites": "FREN*2020, FREN*2060, FREN*2520 - Must be completed prior to taking this course."
  },
  {
    "code": "GEOG*2110",
    "prerequisites": "GEOG*1300 or GEOG*1350 - Must be completed prior to taking this course."
  },
  {
    "code": "SOC*4130",
    "prerequisites": "14.00 credits including (POLS*3650 or SOAN*3120), (SOC*2700 or SOC*3310) - Must be completed prior to taking this course."
  },
  {
    "code": "UNIV*3000",
    "prerequisites": "9.00 credits - Must be completed prior to taking this course."
  },
  {
    "code": "JUST*2080",
    "prerequisites": "AHSS*1160 - Must be completed prior to taking this course."
  },
  {
    "code": "ENGG*2560",
    "prerequisites": "CHEM*1050, MATH*2270 - Must be completed prior to taking this course."
  },
  {
    "code": "FCSS*2000",
    "prerequisites": "4.00 credits or FCSS*1020 - Must be completed prior to taking this course."
  },
  {
    "code": "DENM*3400",
    "prerequisites": "DENM*2000 - Must be completed prior to taking this course."
  },
  {
    "code": "ANTH*3850",
    "prerequisites": "10.00 credits including (ANTH*2160, ANTH*2180), SOAN*2120 - Must be completed prior to taking this course."
  },
  {
    "code": "PSYC*2160",
    "prerequisites": "PSYC*1110 or (AHSS*1110, AHSS*1120) - Must be completed prior to taking this course."
  },
  {
    "code": "ANSC*3080",
    "prerequisites": "1 of BIOC*2580, EQN*2040, EQN*2050 - Must be completed prior to taking this course."
  },
  {
    "code": "PHYS*2310",
    "prerequisites": "MATH*2270, (1 of IPS*1500, PHYS*1000, PHYS*1080) - Must be completed prior to taking this course."
  },
  {
    "code": "CRWR*2100",
    "prerequisites": "CRWR*1000 or ENGL*2920 - Must be completed prior to taking this course."
  },
  {
    "code": "DVT*2040",
    "prerequisites": "DVT*1040 - Must be completed prior to taking this course."
  },
  {
    "code": "BIOL*4150",
    "prerequisites": "BIOL*3060 or BIOL*3130 - Must be completed prior to taking this course."
  },
  {
    "code": "PHIL*2160",
    "prerequisites": "2.00 credits or (1 of PHIL*1000, PHIL*1010, PHIL*1030, PHIL*1050) - Must be completed prior to taking this course."
  },
  {
    "code": "MCS*2000",
    "prerequisites": "4.00 credits - Must be completed prior to taking this course."
  },
  {
    "code": "SOAN*3680",
    "prerequisites": "1 of ANTH*2160, ANTH*2180, IDEV*2000, IDEV*2300, SOC*2080 - Must be completed prior to taking this course."
  },
  {
    "code": "LARC*4090",
    "prerequisites": "LARC*3070 - Must be completed prior to taking this course."
  },
  {
    "code": "CIS*3150",
    "prerequisites": "CIS*2750, CIS*3490 - Must be completed prior to taking this course."
  },
  {
    "code": "MCS*4150",
    "prerequisites": "15.00 credits including MCS*2020 - Must be completed prior to taking this course."
  },
  {
    "code": "ENGL*2310",
    "prerequisites": "2.00 credits - Must be completed prior to taking this course."
  },
  {
    "code": "MICR*3240",
    "prerequisites": "BIOC*3560, MBG*2040, MICR*2420 - Must be completed prior to taking this course."
  },
  {
    "code": "HORT*3310",
    "prerequisites": "BIOC*2580 - Must be completed prior to taking this course."
  },
  {
    "code": "IES*4010",
    "prerequisites": "IES*4000 - Must be completed prior to taking this course."
  },
  {
    "code": "FIN*3200",
    "prerequisites": "ECON*2310, (ECON*2560 or FIN*2000) - Must be completed prior to taking this course."
  },
  {
    "code": "PHIL*2070",
    "prerequisites": "2.00 credits or (1 of PHIL*1000, PHIL*1010, PHIL*1050) - Must be completed prior to taking this course."
  },
  {
    "code": "ANSC*4710",
    "prerequisites": "ANSC*4700 - Must be completed prior to taking this course."
  },
  {
    "code": "ENVS*3050",
    "prerequisites": "ENVS*2030 - Must be completed prior to taking this course."
  },
  {
    "code": "ECON*3530",
    "prerequisites": "ECON*2310, (ECON*2770 or MATH*1210) - Must be completed prior to taking this course."
  },
  {
    "code": "SOC*2700",
    "prerequisites": "SOC*1500 - Must be completed prior to taking this course."
  },
  {
    "code": "NUTR*3150",
    "prerequisites": "1 of NUTR*1010, NUTR*2150, NUTR*3210 - Must be completed prior to taking this course."
  },
  {
    "code": "VETM*4420",
    "prerequisites": "All Phase 2 courses - Must be completed prior to taking this course."
  },
  {
    "code": "FARE*4000",
    "prerequisites": "15.00 credits including ECON*2310 - Must be completed prior to taking this course."
  }
]