[
  {
    "code": "ENGL*2080",
    "prerequisites": "ENGL*1080 - Must be completed prior to taking this course."
  },
  {
    "code": "POLS*3050",
    "prerequisites": "POLS*1400 or POLS*2300 - Must be completed prior to taking this course."
  },
  {
    "code": "VETM*3430",
    "prerequisites": "All Phase 1 courses - Must be taken either prior to or at the same time as this course."
  },
  {
    "code": "IBIO*4600",
    "prerequisites": "BIOL*3450, (STAT*2040 or STAT*2230), (ZOO*3210 or ZOO*3610) - Must be completed prior to taking this course."
  },
  {
    "code": "ANTH*3770",
    "prerequisites": "ANTH*2230, (ANTH*2160 or ANTH*2180), SOAN*2120 - Must be completed prior to taking this course."
  },
  {
    "code": "ZOO*4910",
    "prerequisites": "BIOL*2400, ZOO*2090 - Must be completed prior to taking this course."
  },
  {
    "code": "HIST*2100",
    "prerequisites": "2.00 credits - Must be completed prior to taking this course."
  },
  {
    "code": "CIS*3190",
    "prerequisites": "CIS*2500 or work experience in a related field. - Must be completed prior to taking this course."
  },
  {
    "code": "SPMT*3020",
    "prerequisites": "(HTM*2020 or SPMT*2020), (ECON*2560 or FIN*2000) - Must be completed prior to taking this course."
  },
  {
    "code": "BIOM*3090",
    "prerequisites": "BIOC*2580, (1 of ANSC*3080, BIOM*3200, HK*3810, ZOO*3200, ZOO*3600) - Must be completed prior to taking this course."
  },
  {
    "code": "STAT*2230",
    "prerequisites": "BIOL*1070 - Must be completed prior to taking this course."
  },
  {
    "code": "SART*4200",
    "prerequisites": "SART*3200 - Must be completed prior to taking this course."
  },
  {
    "code": "JUST*2090",
    "prerequisites": "2.00 credits - Must be completed prior to taking this course."
  },
  {
    "code": "SOC*2900",
    "prerequisites": "4.00 credits - Must be completed prior to taking this course."
  },
  {
    "code": "JUST*3040",
    "prerequisites": "5.00 credits including AHSS*1160 - Must be completed prior to taking this course."
  },
  {
    "code": "HROB*2290",
    "prerequisites": "1 of BUS*2090, BUS*2220, HROB*2090 - Must be completed prior to taking this course."
  },
  {
    "code": "ANSC*4470",
    "prerequisites": "NUTR*3210 - Must be completed prior to taking this course."
  },
  {
    "code": "IMPR*6510",
    "prerequisites": "IMPR*6500 - Must be completed prior to taking this course."
  },
  {
    "code": "CHEM*4020",
    "prerequisites": "CHEM*3430, CHEM*3750 - Must be completed prior to taking this course."
  },
  {
    "code": "FINA*6615",
    "prerequisites": "FINA*6610 - Must be completed prior to taking this course."
  },
  {
    "code": "SOAN*4230",
    "prerequisites": "12.50 credits including SOAN*3240, (1 of GEOG*2260, GEOG*3090, IDEV*2100, POLS*2650, SOAN*2120) - Must be completed prior to taking this course."
  },
  {
    "code": "HHNS*3000",
    "prerequisites": "9.00 credits including (1 of BIOL*1080, CREA*1000, FRHD*1100, ONEH*1000) - Must be completed prior to taking this course."
  },
  {
    "code": "FRHD*4140",
    "prerequisites": "14.00 credits - Must be completed prior to taking this course."
  },
  {
    "code": "THST*2120",
    "prerequisites": "THST*1040 - Must be completed prior to taking this course."
  },
  {
    "code": "HORT*4420",
    "prerequisites": "1 of AGR*2050, AGR*2470, BOT*2100 - Must be completed prior to taking this course."
  },
  {
    "code": "SOAN*3100",
    "prerequisites": "(1 of ANTH*2160, ANTH*2180, SOAN*2112, SOAN*2400), (POLS*2650 or SOAN*2120) - Must be completed prior to taking this course."
  },
  {
    "code": "CLAS*3120",
    "prerequisites": "LAT*2000 - Must be completed prior to taking this course."
  },
  {
    "code": "DTM*4600",
    "prerequisites": "DTM*2200, DTM*2400, (DTM*1400 or DTM*2010) - Must be completed prior to taking this course."
  },
  {
    "code": "ANSC*4350",
    "prerequisites": "14.00 credits including ANSC*3080 - Must be completed prior to taking this course."
  },
  {
    "code": "LEAD*6900",
    "prerequisites": "LEAD*6400 - Must be completed prior to taking this course."
  },
  {
    "code": "GEOG*2420",
    "prerequisites": "0.50 credits in Geography - Must be completed prior to taking this course."
  },
  {
    "code": "DAGR*2210",
    "prerequisites": "DAGR*1200 - Must be completed prior to taking this course."
  },
  {
    "code": "GEOG*3600",
    "prerequisites": "7.50 credits - Must be completed prior to taking this course."
  },
  {
    "code": "BIOM*3010",
    "prerequisites": "1 of BIOL*1070, BIOL*1080, BIOL*1090 - Must be completed prior to taking this course."
  },
  {
    "code": "FARE*4560",
    "prerequisites": "10.00 credits including (FARE*2410 or FARE*2700) - Must be completed prior to taking this course."
  },
  {
    "code": "MUSC*2340",
    "prerequisites": "MUSC*1340 - Must be completed prior to taking this course."
  },
  {
    "code": "POLS*3340",
    "prerequisites": "1 of ANTH*2660, HIST*2090, HIST*2600, INDG*1000, POLS*2230, POLS*2300 - Must be completed prior to taking this course."
  },
  {
    "code": "SPMT*4040",
    "prerequisites": "14.00 credits, including SPMT*2020 - Must be completed prior to taking this course."
  },
  {
    "code": "TRMH*6080",
    "prerequisites": "TRMH*6290 - Must be completed prior to taking this course."
  },
  {
    "code": "MGMT*2260",
    "prerequisites": "MGMT*1000 or MGMT*2150 - Must be completed prior to taking this course."
  },
  {
    "code": "PSYC*2330",
    "prerequisites": "PSYC*1000 - Must be completed prior to taking this course."
  },
  {
    "code": "ECON*2100",
    "prerequisites": "ECON*1050 or FARE*1040 - Must be completed prior to taking this course."
  },
  {
    "code": "ENGG*3100",
    "prerequisites": "Completion of 6.00 credits of ENGG courses including ENGG*2100 - Must be completed prior to taking this course."
  },
  {
    "code": "FRHD*2280",
    "prerequisites": "1 of ANTH*1150, FRHD*1010, FRHD*1100, PSYC*1000, SOC*1100 - Must be completed prior to taking this course."
  },
  {
    "code": "CLAS*2220",
    "prerequisites": "2.00 credits - Must be completed prior to taking this course."
  },
  {
    "code": "ENGG*2130",
    "prerequisites": "4.00 credits - Must be completed prior to taking this course."
  },
  {
    "code": "HIST*2850",
    "prerequisites": "2.00 credits - Must be completed prior to taking this course."
  },
  {
    "code": "PHIL*2140",
    "prerequisites": "2.00 credits or (1 of PHIL*1000, PHIL*1010, PHIL*1030, PHIL*1050) - Must be completed prior to taking this course."
  },
  {
    "code": "ECS*3060",
    "prerequisites": "ECS*3030 - Must be completed prior to taking this course."
  },
  {
    "code": "ANSC*4290",
    "prerequisites": "ANSC*3120 - Must be completed prior to taking this course."
  },
  {
    "code": "DEQN*3210",
    "prerequisites": "DEQN*1020 - Must be completed prior to taking this course."
  },
  {
    "code": "ZOO*4940",
    "prerequisites": "15.00 credits including ZOO*2090 - Must be completed prior to taking this course."
  },
  {
    "code": "ACCT*2230",
    "prerequisites": "ACCT*1220 - Must be completed prior to taking this course."
  },
  {
    "code": "ANSC*3080",
    "prerequisites": "1 of BIOC*2580, EQN*2040, EQN*2050 - Must be completed prior to taking this course."
  },
  {
    "code": "ENGL*3100",
    "prerequisites": "7.50 credits including 0.50 credits in English (excluding ENGL*1030). - Must be completed prior to taking this course."
  },
  {
    "code": "IPS*1500",
    "prerequisites": "1 of 4U Physics, PHYS*1020, PHYS*1300 - Must be completed prior to taking this course."
  },
  {
    "code": "THST*3340",
    "prerequisites": "2.50 credits in Theatre Studies - Must be completed prior to taking this course."
  },
  {
    "code": "ENVS*3060",
    "prerequisites": "AGR*2320 or ENVS*2060 - Must be completed prior to taking this course."
  },
  {
    "code": "POLS*3350",
    "prerequisites": "1 of IDEV*2400, POLS*2100, POLS*2350 - Must be completed prior to taking this course."
  },
  {
    "code": "ENGG*2910",
    "prerequisites": "ENGG*1410, ENGG*1500, MATH*1210 - Must be completed prior to taking this course."
  },
  {
    "code": "EURO*3700",
    "prerequisites": "10.00 credits including 1.50 credits in European Studies. - Must be completed prior to taking this course."
  },
  {
    "code": "BIOL*3020",
    "prerequisites": "MBG*2040 - Must be completed prior to taking this course."
  },
  {
    "code": "ENGL*2550",
    "prerequisites": "2.00 credits - Must be completed prior to taking this course."
  },
  {
    "code": "SART*3800",
    "prerequisites": "3.00 credits in Studio Art - Must be completed prior to taking this course."
  },
  {
    "code": "BIOL*3450",
    "prerequisites": "BIOL*2060, CHEM*1050 - Must be completed prior to taking this course."
  },
  {
    "code": "FREN*2500",
    "prerequisites": "FREN*1300 or FREN*2030 - Must be completed prior to taking this course."
  },
  {
    "code": "VETM*4420",
    "prerequisites": "All Phase 2 courses - Must be completed prior to taking this course."
  },
  {
    "code": "MICR*4430",
    "prerequisites": "MICR*3330 - Must be completed prior to taking this course."
  },
  {
    "code": "FCSS*2020",
    "prerequisites": "3.00 credits from FCSS or CSS including FCSS*1020 - Must be completed prior to taking this course."
  },
  {
    "code": "HTM*4170",
    "prerequisites": "14.00 credits including HTM*3160 - Must be completed prior to taking this course."
  },
  {
    "code": "PHYS*1070",
    "prerequisites": "(4U Physics or PHYS*1020), 4U Mathematics - Must be completed prior to taking this course."
  },
  {
    "code": "DTM*2400",
    "prerequisites": "DTM*1010 or DTM*1400 - Must be completed prior to taking this course."
  },
  {
    "code": "ENGL*2290",
    "prerequisites": "2.00 credits - Must be completed prior to taking this course."
  },
  {
    "code": "CLAS*4010",
    "prerequisites": "LAT*2000 - Must be completed prior to taking this course."
  },
  {
    "code": "AGR*4460",
    "prerequisites": "AGR*4450 - Must be completed prior to taking this course."
  },
  {
    "code": "ASCI*3000",
    "prerequisites": "ASCI*2050 - Must be completed prior to taking this course."
  },
  {
    "code": "HTM*3080",
    "prerequisites": "9.00 credits including MCS*1000, (HTM*2010 or MCS*2000) - Must be completed prior to taking this course."
  },
  {
    "code": "SPAN*4410",
    "prerequisites": "HISP*2990 or SPAN*2990 - Must be completed prior to taking this course."
  },
  {
    "code": "DVT*2040",
    "prerequisites": "DVT*1040 - Must be completed prior to taking this course."
  },
  {
    "code": "LAT*4150",
    "prerequisites": "CLAS*3060 or CLAS*3120 - Must be completed prior to taking this course."
  },
  {
    "code": "SOC*2280",
    "prerequisites": "1 of ANTH*1150, GEOG*1220, IDEV*1000, INDG*1000, SOC*1100 - Must be completed prior to taking this course."
  },
  {
    "code": "IDEV*6850",
    "prerequisites": "IDEV*6800 - Recommended prior to taking this course, but is not required."
  },
  {
    "code": "DENM*4120",
    "prerequisites": "DENM*3120 - Must be completed prior to taking this course."
  },
  {
    "code": "AVC*6200",
    "prerequisites": "AVC*6100 - Must be completed prior to taking this course."
  },
  {
    "code": "MATH*4200",
    "prerequisites": "MATH*3200 - Must be completed prior to taking this course."
  },
  {
    "code": "MICR*4330",
    "prerequisites": "MICR*3330, (MICR*2430 is recommended) - Must be completed prior to taking this course."
  },
  {
    "code": "SPMT*4020",
    "prerequisites": "14.00 credits, including SPMT*3220, (HTM*3020 or SPMT*3020) - Must be completed prior to taking this course."
  },
  {
    "code": "GEOG*3210",
    "prerequisites": "1 of GEOG*2030, GEOG*2210, SOC*2280 - Must be completed prior to taking this course."
  },
  {
    "code": "IDEV*3400",
    "prerequisites": "7.50 credits including (0.50 credits in IDEV at the 2000 level or ONEH*2000) - Must be completed prior to taking this course."
  },
  {
    "code": "SPMT*2020",
    "prerequisites": "2.00 credits including (MGMT*1000 or MGMT*2150) - Must be completed prior to taking this course."
  },
  {
    "code": "FCSS*3060",
    "prerequisites": "7.50 credits - Must be completed prior to taking this course."
  },
  {
    "code": "FRAN*6830",
    "prerequisites": "FRAN*6820 - Must be completed prior to taking this course."
  },
  {
    "code": "SPAN*2010",
    "prerequisites": "SPAN*2000 - Must be completed prior to taking this course."
  },
  {
    "code": "MICR*2420",
    "prerequisites": "4.00 credits including (1 of BIOL*1070, BIOL*1080, BIOL*1090, CHEM*1040) - Must be completed prior to taking this course."
  },
  {
    "code": "COOP*G2",
    "prerequisites": "COOP*G1 - Must be completed prior to taking this course."
  },
  {
    "code": "EURO*4220",
    "prerequisites": "14.00 credits - Must be completed prior to taking this course."
  },
  {
    "code": "ENVS*2040",
    "prerequisites": "BIOL*1040 or (2 of BIOL*1050, BIOL*1070, BIOL*1080, BIOL*1090) - Must be completed prior to taking this course."
  },
  {
    "code": "CRWR*2400",
    "prerequisites": "CRWR*1000 or ENGL*2920 - Must be completed prior to taking this course."
  },
  {
    "code": "MICR*3220",
    "prerequisites": "BIOL*1070, BIOL*1090 - Must be completed prior to taking this course."
  },
  {
    "code": "SART*3990",
    "prerequisites": "SART*1050, SART*1060 - Must be completed prior to taking this course."
  },
  {
    "code": "ASCI*4010",
    "prerequisites": "12.00 credits, including (1 of ASCI*3000, ASCI*3100, ASCI*3200, ASCI*3700); cumulative average of 75% - Must be completed prior to taking this course."
  },
  {
    "code": "CHEM*1040",
    "prerequisites": "4U Chemistry (or equivalent) or CHEM*1060 - Must be completed prior to taking this course."
  }

]